[
    {
        "actionName": "Action",
        "steps": [
            {
                "stepId": "STEP16",
                "stepName": "Url: banking",
                "infFile": "t1.inf",
                "time": 1722426443579
            },
            {
                "stepId": "STEP17",
                "stepName": "Url: Open Account",
                "infFile": "t2.inf",
                "time": 1722426443625
            },
            {
                "stepId": "STEP18",
                "stepName": "Submit Data: customer_reg_form.php",
                "infFile": "t3.inf",
                "time": 1722426443668
            },
            {
                "stepId": "STEP19",
                "stepName": "Submit Data: cust_regfrm_confirm.php",
                "infFile": "t4.inf",
                "time": 1722426443720
            },
            {
                "stepId": "STEP20",
                "stepName": "Url: Home",
                "infFile": "t5.inf",
                "time": 1722426443752
            }
        ],
        "transactions": [
            {
                "transactionName": "SC01_Banking_T01_Launch_URL",
                "rawStartTime": 1722426443540,
                "rawEndTime": 1722426443583,
                "thinkTime": 0.0,
                "wastedTime": 0.020659446716308595
            },
            {
                "transactionName": "SC01_Banking_T02_Click_Open_Account",
                "rawStartTime": 1722426443588,
                "rawEndTime": 1722426443627,
                "thinkTime": 0.0,
                "wastedTime": 0.01874995231628418
            },
            {
                "transactionName": "SC01_Banking_T03_Click_Submit",
                "rawStartTime": 1722426443630,
                "rawEndTime": 1722426443669,
                "thinkTime": 0.0,
                "wastedTime": 0.01778244972229004
            },
            {
                "transactionName": "SC01_Banking_T04_Click_confirm",
                "rawStartTime": 1722426443674,
                "rawEndTime": 1722426443721,
                "thinkTime": 0.0,
                "wastedTime": 0.017716407775878907
            },
            {
                "transactionName": "SC01_Banking_T05_Click_OK",
                "rawStartTime": 1722426443726,
                "rawEndTime": 1722426443753,
                "thinkTime": 0.0,
                "wastedTime": 0.016613006591796876
            }
        ]
    }
]