[
    {
        "actionName": "Action",
        "steps": [
            {
                "stepId": "STEP4",
                "stepName": "Submit Data: staff_profile.php_2",
                "infFile": "t5.inf",
                "time": 1722426815593
            },
            {
                "stepId": "STEP5",
                "stepName": "Submit Data: pending_customers.php",
                "infFile": "t6.inf",
                "time": 1722426815697
            },
            {
                "stepId": "STEP6",
                "stepName": "Submit Data: pending_customers.php_2",
                "infFile": "t7.inf",
                "time": 1722426815844
            }
        ],
        "transactions": [
            {
                "transactionName": "SC02_Banking_T04_Click_Approve_pending_Acc",
                "rawStartTime": 1722426815546,
                "rawEndTime": 1722426815609,
                "thinkTime": 0.0,
                "wastedTime": 0.0070683956146240238
            },
            {
                "transactionName": "SC02_Banking_T05_Search_Application_number",
                "rawStartTime": 1722426815625,
                "rawEndTime": 1722426815707,
                "thinkTime": 0.0,
                "wastedTime": 0.006117343902587891
            },
            {
                "transactionName": "SC02_Banking_T06_Click_Approve",
                "rawStartTime": 1722426815738,
                "rawEndTime": 1722426815848,
                "thinkTime": 0.0,
                "wastedTime": 0.007869720458984375
            }
        ]
    }
]