[
    {
        "actionName": "vuser_end",
        "steps": [
            {
                "stepId": "STEP7",
                "stepName": "Url: staff_logout.php",
                "infFile": "t8.inf",
                "time": 1722426815923
            }
        ],
        "transactions": [
            {
                "transactionName": "SC02_Banking_T07_Logout",
                "rawStartTime": 1722426815872,
                "rawEndTime": 1722426815923,
                "thinkTime": 0.0,
                "wastedTime": 0.017119169235229493
            }
        ]
    }
]