[
    {
        "actionName": "vuser_init",
        "steps": [
            {
                "stepId": "STEP1",
                "stepName": "Url: banking",
                "infFile": "t1.inf",
                "time": 1722426815357
            },
            {
                "stepId": "STEP2",
                "stepName": "Url: Staff Login",
                "infFile": "t2.inf",
                "time": 1722426815393
            },
            {
                "stepId": "STEP3",
                "stepName": "Submit Data: staff_login.php",
                "infFile": "t4.inf",
                "time": 1722426815437
            }
        ],
        "transactions": [
            {
                "transactionName": "SC02_Banking_T01_Launch_URL",
                "rawStartTime": 1722426815185,
                "rawEndTime": 1722426815361,
                "thinkTime": 0.0,
                "wastedTime": 0.1447126865386963
            },
            {
                "transactionName": "SC02_Banking_T02_Staff_Login",
                "rawStartTime": 1722426815361,
                "rawEndTime": 1722426815393,
                "thinkTime": 0.0,
                "wastedTime": 0.014165163040161133
            },
            {
                "transactionName": "SC02_Banking_T03_Click_Login",
                "rawStartTime": 1722426815393,
                "rawEndTime": 1722426815437,
                "thinkTime": 0.0,
                "wastedTime": 0.01130819320678711
            }
        ]
    }
]