[
    {
        "actionName": "Action",
        "steps": [
            {
                "stepId": "STEP6",
                "stepName": "Url: banking",
                "infFile": "t1.inf",
                "time": 1722426443081
            },
            {
                "stepId": "STEP7",
                "stepName": "Url: Open Account",
                "infFile": "t2.inf",
                "time": 1722426443136
            },
            {
                "stepId": "STEP8",
                "stepName": "Submit Data: customer_reg_form.php",
                "infFile": "t3.inf",
                "time": 1722426443183
            },
            {
                "stepId": "STEP9",
                "stepName": "Submit Data: cust_regfrm_confirm.php",
                "infFile": "t4.inf",
                "time": 1722426443226
            },
            {
                "stepId": "STEP10",
                "stepName": "Url: Home",
                "infFile": "t5.inf",
                "time": 1722426443256
            }
        ],
        "transactions": [
            {
                "transactionName": "SC01_Banking_T01_Launch_URL",
                "rawStartTime": 1722426443044,
                "rawEndTime": 1722426443086,
                "thinkTime": 0.0,
                "wastedTime": 0.016916751861572267
            },
            {
                "transactionName": "SC01_Banking_T02_Click_Open_Account",
                "rawStartTime": 1722426443091,
                "rawEndTime": 1722426443139,
                "thinkTime": 0.0,
                "wastedTime": 0.010651588439941407
            },
            {
                "transactionName": "SC01_Banking_T03_Click_Submit",
                "rawStartTime": 1722426443141,
                "rawEndTime": 1722426443185,
                "thinkTime": 0.0,
                "wastedTime": 0.015480756759643555
            },
            {
                "transactionName": "SC01_Banking_T04_Click_confirm",
                "rawStartTime": 1722426443189,
                "rawEndTime": 1722426443228,
                "thinkTime": 0.0,
                "wastedTime": 0.009256124496459961
            },
            {
                "transactionName": "SC01_Banking_T05_Click_OK",
                "rawStartTime": 1722426443233,
                "rawEndTime": 1722426443259,
                "thinkTime": 0.0,
                "wastedTime": 0.010571002960205078
            }
        ]
    }
]