﻿<DataObject comparison="Ordinal">
  <Section id="">
    <Subsections>
      <Section id="General">
        <Subsections />
        <Entries>
          <Entry key="ElapsedTime">
            <double>4.2347518</double>
          </Entry>
          <Entry key="StartedAt">
            <dateTime>2024-07-31T11:47:21.9110994+00:00</dateTime>
          </Entry>
          <Entry key="EndedAt">
            <dateTime>2024-07-31T11:47:26.1458512+00:00</dateTime>
          </Entry>
          <Entry key="ReplayStatus">
            <LastReplayRunStatus>Passed</LastReplayRunStatus>
          </Entry>
          <Entry key="NumberOfReplayErrors">
            <int>0</int>
          </Entry>
          <Entry key="NumberOfReplayCriticalErrors">
            <int>0</int>
          </Entry>
          <Entry key="NumberOfCompilationErrors">
            <int>0</int>
          </Entry>
        </Entries>
      </Section>
    </Subsections>
    <Entries>
      <Entry key="Iterations">
        <int>10</int>
      </Entry>
    </Entries>
  </Section>
</DataObject>