<?xml version="1.0" encoding="utf-8"?>
<VugenScriptMetadata>
  <ScriptName>Final_Assessment1</ScriptName>
  <Protocol>Web - HTTP/HTML</Protocol>
  <ActionFiles>
    <FileEntry Name="vuser_init.c" Filter="2" />
    <FileEntry Name="Action.c" Filter="2" />
    <FileEntry Name="vuser_end.c" Filter="2" />
  </ActionFiles>
  <GeneralFiles>
    <FileEntry Name="Final_Assessment1.usr" Filter="4" />
    <FileEntry Name="default.cfg" Filter="4" />
    <FileEntry Name="default.usp" Filter="4" />
    <FileEntry Name="Final_Assessment1.prm" Filter="2" />
    <FileEntry Name="globals.h" Filter="2" />
    <FileEntry Name="WebSocketBuffer.h" Filter="2" />
    <FileEntry Name="WebSocketCB.c" Filter="2" />
    <FileEntry Name="P_Name.dat" Filter="2" />
    <FileEntry Name="P_Email.dat" Filter="2" />
    <FileEntry Name="P_OfficeAdd.dat" Filter="2" />
    <FileEntry Name="P_HomeAdd.dat" Filter="2" />
    <FileEntry Name="P_PanNo.dat" Filter="2" />
    <FileEntry Name="combined_Final_Assessment1.c" Filter="2" />
    <FileEntry Name="pre_cci.c" Filter="2" />
    <FileEntry Name="183811509440.idx" Filter="1" />
    <FileEntry Name="227665991440.idx" Filter="1" />
    <FileEntry Name="235585572440.idx" Filter="1" />
    <FileEntry Name="61888802440.idx" Filter="1" />
    <FileEntry Name="74108444440.idx" Filter="1" />
    <FileEntry Name="Bookmarks.xml" Filter="1" />
    <FileEntry Name="Breakpoints.xml" Filter="1" />
    <FileEntry Name="CompilerLogMetadata.xml" Filter="1" />
    <FileEntry Name="Final_Assessment1.c.pickle" Filter="1" />
    <FileEntry Name="Final_Assessment1.ci" Filter="1" />
    <FileEntry Name="Final_Assessment1.prm.bak" Filter="1" />
    <FileEntry Name="logfile.log" Filter="1" />
    <FileEntry Name="mdrv.log" Filter="1" />
    <FileEntry Name="mdrv_cmd.txt" Filter="1" />
    <FileEntry Name="options.txt" Filter="1" />
    <FileEntry Name="output.bak" Filter="1" />
    <FileEntry Name="output.txt" Filter="1" />
    <FileEntry Name="OutputColoringDatabase.json" Filter="1" />
    <FileEntry Name="P_AccountNo.dat" Filter="1" />
    <FileEntry Name="P_Citizenship.dat" Filter="1" />
    <FileEntry Name="P_DOB.dat" Filter="1" />
    <FileEntry Name="P_MobNo.dat" Filter="1" />
    <FileEntry Name="P_Pincode.dat" Filter="1" />
    <FileEntry Name="ReplaySummaryReport.xml" Filter="1" />
    <FileEntry Name="ScriptUploadMetadata.xml" Filter="1" />
    <FileEntry Name="ThumbnailsCache.tmp" Filter="1" />
    <FileEntry Name="UserTasks.xml" Filter="1" />
    <FileEntry Name="data\" Filter="1" />
    <FileEntry Name="result1\" Filter="1" />
  </GeneralFiles>
</VugenScriptMetadata>