[
    {
        "actionName": "Action",
        "steps": [
            {
                "stepId": "STEP41",
                "stepName": "Url: banking",
                "infFile": "t1.inf",
                "time": 1722426445224
            },
            {
                "stepId": "STEP42",
                "stepName": "Url: Open Account",
                "infFile": "t2.inf",
                "time": 1722426445295
            },
            {
                "stepId": "STEP43",
                "stepName": "Submit Data: customer_reg_form.php",
                "infFile": "t3.inf",
                "time": 1722426445366
            },
            {
                "stepId": "STEP44",
                "stepName": "Submit Data: cust_regfrm_confirm.php",
                "infFile": "t4.inf",
                "time": 1722426445452
            },
            {
                "stepId": "STEP45",
                "stepName": "Url: Home",
                "infFile": "t5.inf",
                "time": 1722426445518
            }
        ],
        "transactions": [
            {
                "transactionName": "SC01_Banking_T01_Launch_URL",
                "rawStartTime": 1722426445116,
                "rawEndTime": 1722426445229,
                "thinkTime": 0.0,
                "wastedTime": 0.06692695617675781
            },
            {
                "transactionName": "SC01_Banking_T02_Click_Open_Account",
                "rawStartTime": 1722426445233,
                "rawEndTime": 1722426445297,
                "thinkTime": 0.0,
                "wastedTime": 0.03937220573425293
            },
            {
                "transactionName": "SC01_Banking_T03_Click_Submit",
                "rawStartTime": 1722426445299,
                "rawEndTime": 1722426445368,
                "thinkTime": 0.0,
                "wastedTime": 0.046910762786865237
            },
            {
                "transactionName": "SC01_Banking_T04_Click_confirm",
                "rawStartTime": 1722426445373,
                "rawEndTime": 1722426445453,
                "thinkTime": 0.0,
                "wastedTime": 0.04953408241271973
            },
            {
                "transactionName": "SC01_Banking_T05_Click_OK",
                "rawStartTime": 1722426445457,
                "rawEndTime": 1722426445520,
                "thinkTime": 0.0,
                "wastedTime": 0.04825639724731445
            }
        ]
    }
]