[
    {
        "actionName": "Action",
        "steps": [
            {
                "stepId": "STEP31",
                "stepName": "Url: banking",
                "infFile": "t1.inf",
                "time": 1722426444447
            },
            {
                "stepId": "STEP32",
                "stepName": "Url: Open Account",
                "infFile": "t2.inf",
                "time": 1722426444515
            },
            {
                "stepId": "STEP33",
                "stepName": "Submit Data: customer_reg_form.php",
                "infFile": "t3.inf",
                "time": 1722426444573
            },
            {
                "stepId": "STEP34",
                "stepName": "Submit Data: cust_regfrm_confirm.php",
                "infFile": "t4.inf",
                "time": 1722426444643
            },
            {
                "stepId": "STEP35",
                "stepName": "Url: Home",
                "infFile": "t5.inf",
                "time": 1722426444708
            }
        ],
        "transactions": [
            {
                "transactionName": "SC01_Banking_T01_Launch_URL",
                "rawStartTime": 1722426444389,
                "rawEndTime": 1722426444452,
                "thinkTime": 0.0,
                "wastedTime": 0.03620433807373047
            },
            {
                "transactionName": "SC01_Banking_T02_Click_Open_Account",
                "rawStartTime": 1722426444456,
                "rawEndTime": 1722426444517,
                "thinkTime": 0.0,
                "wastedTime": 0.03421735763549805
            },
            {
                "transactionName": "SC01_Banking_T03_Click_Submit",
                "rawStartTime": 1722426444520,
                "rawEndTime": 1722426444575,
                "thinkTime": 0.0,
                "wastedTime": 0.03276419639587402
            },
            {
                "transactionName": "SC01_Banking_T04_Click_confirm",
                "rawStartTime": 1722426444579,
                "rawEndTime": 1722426444647,
                "thinkTime": 0.0,
                "wastedTime": 0.028789043426513673
            },
            {
                "transactionName": "SC01_Banking_T05_Click_OK",
                "rawStartTime": 1722426444651,
                "rawEndTime": 1722426444709,
                "thinkTime": 0.0,
                "wastedTime": 0.04656076431274414
            }
        ]
    }
]