[
    {
        "actionName": "Action",
        "steps": [
            {
                "stepId": "STEP11",
                "stepName": "Url: banking",
                "infFile": "t1.inf",
                "time": 1722426443342
            },
            {
                "stepId": "STEP12",
                "stepName": "Url: Open Account",
                "infFile": "t2.inf",
                "time": 1722426443388
            },
            {
                "stepId": "STEP13",
                "stepName": "Submit Data: customer_reg_form.php",
                "infFile": "t3.inf",
                "time": 1722426443430
            },
            {
                "stepId": "STEP14",
                "stepName": "Submit Data: cust_regfrm_confirm.php",
                "infFile": "t4.inf",
                "time": 1722426443478
            },
            {
                "stepId": "STEP15",
                "stepName": "Url: Home",
                "infFile": "t5.inf",
                "time": 1722426443511
            }
        ],
        "transactions": [
            {
                "transactionName": "SC01_Banking_T01_Launch_URL",
                "rawStartTime": 1722426443301,
                "rawEndTime": 1722426443348,
                "thinkTime": 0.0,
                "wastedTime": 0.018349170684814454
            },
            {
                "transactionName": "SC01_Banking_T02_Click_Open_Account",
                "rawStartTime": 1722426443352,
                "rawEndTime": 1722426443390,
                "thinkTime": 0.0,
                "wastedTime": 0.01612091064453125
            },
            {
                "transactionName": "SC01_Banking_T03_Click_Submit",
                "rawStartTime": 1722426443392,
                "rawEndTime": 1722426443431,
                "thinkTime": 0.0,
                "wastedTime": 0.01899123191833496
            },
            {
                "transactionName": "SC01_Banking_T04_Click_confirm",
                "rawStartTime": 1722426443436,
                "rawEndTime": 1722426443479,
                "thinkTime": 0.0,
                "wastedTime": 0.01305532455444336
            },
            {
                "transactionName": "SC01_Banking_T05_Click_OK",
                "rawStartTime": 1722426443484,
                "rawEndTime": 1722426443513,
                "thinkTime": 0.0,
                "wastedTime": 0.017129182815551759
            }
        ]
    }
]