[
    {
        "actionName": "Action",
        "steps": [
            {
                "stepId": "STEP36",
                "stepName": "Url: banking",
                "infFile": "t1.inf",
                "time": 1722426444819
            },
            {
                "stepId": "STEP37",
                "stepName": "Url: Open Account",
                "infFile": "t2.inf",
                "time": 1722426444880
            },
            {
                "stepId": "STEP38",
                "stepName": "Submit Data: customer_reg_form.php",
                "infFile": "t3.inf",
                "time": 1722426444949
            },
            {
                "stepId": "STEP39",
                "stepName": "Submit Data: cust_regfrm_confirm.php",
                "infFile": "t4.inf",
                "time": 1722426445025
            },
            {
                "stepId": "STEP40",
                "stepName": "Url: Home",
                "infFile": "t5.inf",
                "time": 1722426445087
            }
        ],
        "transactions": [
            {
                "transactionName": "SC01_Banking_T01_Launch_URL",
                "rawStartTime": 1722426444742,
                "rawEndTime": 1722426444824,
                "thinkTime": 0.0,
                "wastedTime": 0.044950008392333987
            },
            {
                "transactionName": "SC01_Banking_T02_Click_Open_Account",
                "rawStartTime": 1722426444828,
                "rawEndTime": 1722426444882,
                "thinkTime": 0.0,
                "wastedTime": 0.03343033790588379
            },
            {
                "transactionName": "SC01_Banking_T03_Click_Submit",
                "rawStartTime": 1722426444884,
                "rawEndTime": 1722426444950,
                "thinkTime": 0.0,
                "wastedTime": 0.03906083106994629
            },
            {
                "transactionName": "SC01_Banking_T04_Click_confirm",
                "rawStartTime": 1722426444954,
                "rawEndTime": 1722426445026,
                "thinkTime": 0.0,
                "wastedTime": 0.039798736572265628
            },
            {
                "transactionName": "SC01_Banking_T05_Click_OK",
                "rawStartTime": 1722426445031,
                "rawEndTime": 1722426445088,
                "thinkTime": 0.0,
                "wastedTime": 0.04463601112365723
            }
        ]
    }
]