[
    {
        "actionName": "Action",
        "steps": [
            {
                "stepId": "STEP21",
                "stepName": "Url: banking",
                "infFile": "t1.inf",
                "time": 1722426443824
            },
            {
                "stepId": "STEP22",
                "stepName": "Url: Open Account",
                "infFile": "t2.inf",
                "time": 1722426443880
            },
            {
                "stepId": "STEP23",
                "stepName": "Submit Data: customer_reg_form.php",
                "infFile": "t3.inf",
                "time": 1722426443941
            },
            {
                "stepId": "STEP24",
                "stepName": "Submit Data: cust_regfrm_confirm.php",
                "infFile": "t4.inf",
                "time": 1722426444009
            },
            {
                "stepId": "STEP25",
                "stepName": "Url: Home",
                "infFile": "t5.inf",
                "time": 1722426444053
            }
        ],
        "transactions": [
            {
                "transactionName": "SC01_Banking_T01_Launch_URL",
                "rawStartTime": 1722426443779,
                "rawEndTime": 1722426443829,
                "thinkTime": 0.0,
                "wastedTime": 0.025608301162719728
            },
            {
                "transactionName": "SC01_Banking_T02_Click_Open_Account",
                "rawStartTime": 1722426443834,
                "rawEndTime": 1722426443882,
                "thinkTime": 0.0,
                "wastedTime": 0.02703571319580078
            },
            {
                "transactionName": "SC01_Banking_T03_Click_Submit",
                "rawStartTime": 1722426443884,
                "rawEndTime": 1722426443943,
                "thinkTime": 0.0,
                "wastedTime": 0.034477949142456058
            },
            {
                "transactionName": "SC01_Banking_T04_Click_confirm",
                "rawStartTime": 1722426443947,
                "rawEndTime": 1722426444010,
                "thinkTime": 0.0,
                "wastedTime": 0.030179500579833986
            },
            {
                "transactionName": "SC01_Banking_T05_Click_OK",
                "rawStartTime": 1722426444015,
                "rawEndTime": 1722426444055,
                "thinkTime": 0.0,
                "wastedTime": 0.027248382568359376
            }
        ]
    }
]