﻿<?xml version="1.0"?>
<!DOCTYPE Report
[
<!ELEMENT Report (General ,(Doc|BPT)) >
<!ATTLIST Report ver CDATA #REQUIRED tmZone CDATA #REQUIRED>

<!ELEMENT General ( DocLocation ) >
<!ATTLIST General productName CDATA #REQUIRED productVer CDATA #REQUIRED os CDATA #REQUIRED host CDATA #REQUIRED qcserver CDATA #IMPLIED qcproject CDATA #IMPLIED SolManSolutionId CDATA #IMPLIED SolManProjectId CDATA #IMPLIED SolManTestPlanId CDATA #IMPLIED SolManTestPackageId CDATA #IMPLIED SolManUserInfoData CDATA #IMPLIED  >

<!ELEMENT BPT (DName,Res,DVer?,TSet?,TInst?,NodeArgs,AdditionalInfo*,Doc*) >
<!ATTLIST BPT rID ID #REQUIRED >

<!ELEMENT Doc (DName,ConfName?,Res,DVer?,TSet?,TInst?,RunType?,DT?,AdditionalInfo*,Step*,DIter*,Step*,Action*,Doc*,Summary?,TestMaintenanceSummary*,NodeArgs?) >
<!ATTLIST Doc rID ID #REQUIRED type (Test|BC|BPTWrapperTest|Flow|Group|Action) "Test" productName CDATA #REQUIRED BCIter CDATA #IMPLIED >

<!ELEMENT RunType ( #PCDATA )>
<!ATTLIST RunType fmStep (False|True) "False" batch (False|True) "False" upDesc (False|True) "False" upChk (False|True) "False" upAS (False|True) "False">

<!ELEMENT DName ( #PCDATA ) >

<!ELEMENT ConfName ( #PCDATA ) >

<!ELEMENT Res ( #PCDATA ) >

<!ELEMENT AdditionalInfo (AdditionalDataName,AdditionalDataValue ) >

<!ELEMENT AdditionalDataName ( #PCDATA ) >

<!ELEMENT AdditionalDataValue ( #PCDATA ) >

<!ELEMENT DVer ( #PCDATA ) >

<!ELEMENT TSet ( #PCDATA ) >

<!ELEMENT TInst ( #PCDATA ) >

<!ELEMENT DIter (Step*,Action+,Summary?,NodeArgs)>
<!ATTLIST DIter rID ID #REQUIRED iterID CDATA #REQUIRED>

<!ELEMENT DocLocation ( #PCDATA )>

<!ELEMENT Action (AName,AIter*,(Step|HtmlStep|Action)*, Summary,ActionMaintenanceSummary*, NodeArgs ) >
<!ATTLIST Action rID ID #REQUIRED>

<!ELEMENT AIter ((Step|HtmlStep|Action)*,DataMapping?, Summary?,NodeArgs) >
<!ATTLIST AIter rID ID #REQUIRED iterID CDATA #REQUIRED isCountable (False|True) "False" >

<!ELEMENT AName ( #PCDATA ) >

<!ELEMENT TestMaintenanceSummary (ActionMaintenanceSummary*) >
<!ATTLIST TestMaintenanceSummary ObjectsAdded CDATA #REQUIRED ObjectsUpdated CDATA #REQUIRED StepsUpdated CDATA #REQUIRED StepsComments CDATA #REQUIRED><!ELEMENT ActionMaintenanceSummary (ObjectChange* ) >
<!ATTLIST ActionMaintenanceSummary Action CDATA #REQUIRED Objects CDATA #REQUIRED Updated CDATA #REQUIRED LinesTotal CDATA #REQUIRED Added CDATA #REQUIRED LinesUpdated CDATA #REQUIRED>

<!ELEMENT ObjectChange  (Hierarchy, PropertyChangeList* ) >
<!ATTLIST ObjectChange Operation CDATA #IMPLIED OriginalRepository CDATA #IMPLIED>

<!ELEMENT PropertyChangeList (PropertyDef*) >

<!ELEMENT PropertyDef (OriginalValue, NewValue) >
<!ATTLIST PropertyDef PropName CDATA #REQUIRED OriginRegularExpression (True|False) "False" NewRegularExpression (True|False) "False" AddedProperty (True|False) "False" >

<!ELEMENT OriginalValue ( #PCDATA )>

<!ELEMENT NewValue ( #PCDATA )>

<!ELEMENT Hierarchy  (ObjectName, Hierarchy*) >
<!ATTLIST Hierarchy MicClass CDATA #REQUIRED>

<!ELEMENT ObjectName  ( #PCDATA ) >

<!ELEMENT Step (Obj,Details,Time,TimeTick* ,(Step|HtmlStep|Doc)*, DataMapping?, NodeArgs) >
<!ATTLIST Step rID ID #REQUIRED retval CDATA #IMPLIED>

<!ELEMENT HtmlStep (HTML,TimeTick*,(Step|HtmlStep|Doc)*,NodeArgs) >
<!ATTLIST HtmlStep rID ID #REQUIRED >

<!ELEMENT Obj ( #PCDATA ) >
<!ATTLIST Obj plainTxt (False|True) "True">

<!ELEMENT Details ( #PCDATA ) >
<!ATTLIST Details plainTxt (False|True) "True">

<!ELEMENT Time ( #PCDATA ) >

<!ELEMENT HTML ( #PCDATA ) >

<!ELEMENT Disp ( #PCDATA ) >

<!ELEMENT TimeTick ( #PCDATA ) >

<!ELEMENT DataMapping ( DataMappedItem* )>
<!ELEMENT DataMappedItem EMPTY >
<!ATTLIST DataMappedItem dsName CDATA #REQUIRED >
<!ATTLIST DataMappedItem rowId CDATA #REQUIRED >

<!ELEMENT NodeArgs (Disp,TopPane?,BtmPane?,ExtendedInfo? )>
<!ATTLIST NodeArgs eType CDATA #REQUIRED icon CDATA #REQUIRED nRep CDATA #REQUIRED UserNote CDATA #IMPLIED filter (False|True) "True">
<!ATTLIST NodeArgs status (Passed|Failed|Done|Warning|Information) "Done">
<!ATTLIST NodeArgs iconSel CDATA #IMPLIED nType CDATA #IMPLIED MovieMarker CDATA "">
<!ATTLIST NodeArgs Source CDATA #IMPLIED SourceLine CDATA #IMPLIED StepFlowItemKey CDATA #IMPLIED >

<!ELEMENT TopPane (Path)>

<!ELEMENT BtmPane ( (Path|WR)?,ASHilite?)>
<!ATTLIST BtmPane vType CDATA "HTML">

<!ELEMENT Path ( #PCDATA ) >

<!ELEMENT ASHilite ( #PCDATA ) >

<!ELEMENT WR ( #PCDATA ) >

<!ELEMENT ExtendedInfo ( StepData ) >

<!ATTLIST ExtendedInfo StepType CDATA #REQUIRED>
<!ELEMENT DT (NodeArgs) >
<!ATTLIST DT rID ID #REQUIRED>

<!ELEMENT Summary (Param*)>
<!ATTLIST Summary sTime CDATA #IMPLIED eTime CDATA #IMPLIED passed CDATA #IMPLIED failed CDATA #IMPLIED warnings CDATA #IMPLIED retval CDATA #IMPLIED stopped (False|True) "False" >

<!ELEMENT Param (ParamName,ParamVal)+ >
<!ATTLIST Param paramInOut (In|Out) "In">

<!ELEMENT ParamName ( #PCDATA ) >

<!ELEMENT ParamVal ( #PCDATA ) >

]
>
<Report ver="2.0" tmZone="Coordinated Universal Time">
<General productName="Vugen" productVer="2024" os="" host="SRV2022"><DocLocation><![CDATA[C:\Users\Administrator\Documents\VuGen\Scripts\Final_Assessment1]]></DocLocation></General>
<Doc rID="T1"   productName= "Vugen"  >
<DName><![CDATA[Final_Assessment1]]></DName>
<Res><![CDATA[result1]]></Res>
<Action rID="T2">
<AName><![CDATA[vuser_init]]></AName>
<Summary sTime="7/31/2024 - 11:47:22" eTime="7/31/2024 - 11:47:22" passed="0" failed="0" warnings="0" ></Summary>
<NodeArgs eType="StartAction" icon="2" nRep="5" >
<Disp><![CDATA[vuser_init Summary]]></Disp>
</NodeArgs>
</Action>
<DIter rID="T3" iterID="1" >
<Action rID="T4">
<AName><![CDATA[Action]]></AName>
<Step rID="T5">
<Obj plainTxt="False" ><![CDATA[Service: Set Sockets Option]]></Obj>
<Details plainTxt="False" ><![CDATA[<CENTER>Set socket option <STRONG><FONT COLOR=#00AF00>SSL_VERSION</FONT></STRONG> with value <STRONG><FONT COLOR=#00AF00>AUTO</FONT></STRONG></CENTER>]]></Details>
<Time><![CDATA[7/31/2024 - 11:47:22]]></Time>
<TimeTick>1722426442</TimeTick>
<NodeArgs eType="General" icon="4" nRep="9" >
<Disp><![CDATA[Service: Set Sockets Option]]></Disp>
</NodeArgs>
</Step>
<Step rID="T6">
<Obj plainTxt="False" ><![CDATA[Service: Add Auto Header]]></Obj>
<Details plainTxt="False" ><![CDATA[<CENTER>Add the following header to all subsequent HTTP requests :<BR><STRONG><FONT COLOR=#00AF00>Accept-Language: en-US,en;q=0.5</FONT></STRONG></CENTER>]]></Details>
<Time><![CDATA[7/31/2024 - 11:47:22]]></Time>
<TimeTick>1722426442</TimeTick>
<NodeArgs eType="General" icon="5" nRep="10" >
<Disp><![CDATA[Service: Add Auto Header]]></Disp>
</NodeArgs>
</Step>
<Step rID="T7">
<Obj plainTxt="False" ><![CDATA[Url: banking]]></Obj>
<Details plainTxt="False" ><![CDATA[<CENTER><STRONG><FONT COLOR=#009A63>Step completed successfully</FONT></STRONG></CENTER>]]></Details>
<Time><![CDATA[7/31/2024 - 11:47:22]]></Time>
<TimeTick>1722426442</TimeTick>
<NodeArgs eType="General" icon="6" nRep="11" status="Passed" >
<Disp><![CDATA[Url: banking]]></Disp>
<BtmPane vType="HTMLSNSH" >
<Path><![CDATA[\Iteration1\t1.inf]]></Path>
</BtmPane>
</NodeArgs>
</Step>
<Step rID="T8">
<Obj plainTxt="False" ><![CDATA[Service: WebSocket Send]]></Obj>
<Details plainTxt="False" ><![CDATA[<CENTER><FONT COLOR=#FF0031>Step creation failed</CENTER>]]></Details>
<Time><![CDATA[7/31/2024 - 11:47:22]]></Time>
<TimeTick>1722426442</TimeTick>
<NodeArgs eType="General" icon="4" nRep="12" status="Passed" >
<Disp><![CDATA[Service: WebSocket Send]]></Disp>
</NodeArgs>
</Step>
<Step rID="T9">
<Obj plainTxt="False" ><![CDATA[Service: Reg Save Param]]></Obj>
<Details plainTxt="False" ><![CDATA[<CENTER>ParamName =<STRONG><FONT COLOR=#00AF00>C_State</FONT></STRONG><BR>Left Boundary = <STRONG><FONT COLOR=#00AF00>LB=option value="</FONT></STRONG><BR>Right Boundary = <STRONG><FONT COLOR=#00AF00>RB="></FONT></STRONG><BR>Instance = <STRONG><FONT COLOR=#00AF00>ORD=ALL</FONT></STRONG></CENTER>]]></Details>
<Time><![CDATA[7/31/2024 - 11:47:22]]></Time>
<TimeTick>1722426442</TimeTick>
<NodeArgs eType="General" icon="7" nRep="13" >
<Disp><![CDATA[Service: Reg Save Param]]></Disp>
</NodeArgs>
</Step>
<Step rID="T10">
<Obj plainTxt="False" ><![CDATA[Service: Reg Save Param]]></Obj>
<Details plainTxt="False" ><![CDATA[<CENTER>ParamName =<STRONG><FONT COLOR=#00AF00>C_City</FONT></STRONG><BR>Left Boundary = <STRONG><FONT COLOR=#00AF00>LB=option value="</FONT></STRONG><BR>Right Boundary = <STRONG><FONT COLOR=#00AF00>RB="></FONT></STRONG><BR>Instance = <STRONG><FONT COLOR=#00AF00>ORD=ALL</FONT></STRONG></CENTER>]]></Details>
<Time><![CDATA[7/31/2024 - 11:47:22]]></Time>
<TimeTick>1722426442</TimeTick>
<NodeArgs eType="General" icon="7" nRep="14" >
<Disp><![CDATA[Service: Reg Save Param]]></Disp>
</NodeArgs>
</Step>
<Step rID="T11">
<Obj plainTxt="False" ><![CDATA[Url: Open Account]]></Obj>
<Details plainTxt="False" ><![CDATA[<CENTER><STRONG><FONT COLOR=#009A63>Step completed successfully</FONT></STRONG></CENTER>]]></Details>
<Time><![CDATA[7/31/2024 - 11:47:22]]></Time>
<TimeTick>1722426442</TimeTick>
<NodeArgs eType="General" icon="6" nRep="15" status="Passed" >
<Disp><![CDATA[Url: Open Account]]></Disp>
<BtmPane vType="HTMLSNSH" >
<Path><![CDATA[\Iteration1\t2.inf]]></Path>
</BtmPane>
</NodeArgs>
</Step>
<Step rID="T12">
<Obj plainTxt="False" ><![CDATA[Submit Data: customer_reg_form.php]]></Obj>
<Details plainTxt="False" ><![CDATA[<CENTER><STRONG><FONT COLOR=#009A63>Step completed successfully</FONT></STRONG></CENTER>]]></Details>
<Time><![CDATA[7/31/2024 - 11:47:22]]></Time>
<TimeTick>1722426442</TimeTick>
<NodeArgs eType="General" icon="8" nRep="16" status="Passed" >
<Disp><![CDATA[Submit Data: customer_reg_form.php]]></Disp>
<BtmPane vType="HTMLSNSH" >
<Path><![CDATA[\Iteration1\t3.inf]]></Path>
</BtmPane>
</NodeArgs>
</Step>
<Step rID="T13">
<Obj plainTxt="False" ><![CDATA[Service: Set Max Html Param Len]]></Obj>
<Details plainTxt="False" ><![CDATA[<CENTER>Maximum length of a HTML string that can be retrieved and saved set to <STRONG><FONT COLOR=#00AF00>200000</FONT></STRONG> characters</CENTER>]]></Details>
<Time><![CDATA[7/31/2024 - 11:47:22]]></Time>
<TimeTick>1722426442</TimeTick>
<NodeArgs eType="General" icon="9" nRep="17" >
<Disp><![CDATA[Service: Set Max Html Param Len]]></Disp>
</NodeArgs>
</Step>
<Step rID="T14">
<Obj plainTxt="False" ><![CDATA[Service: Reg Save Param]]></Obj>
<Details plainTxt="False" ><![CDATA[<CENTER>ParamName =<STRONG><FONT COLOR=#00AF00>C_ApplicationNumber</FONT></STRONG><BR>Left Boundary = <STRONG><FONT COLOR=#00AF00>LB=Application number : </FONT></STRONG><BR>Right Boundary = <STRONG><FONT COLOR=#00AF00>RB=\</FONT></STRONG><BR>Instance = <STRONG><FONT COLOR=#00AF00></FONT></STRONG></CENTER>]]></Details>
<Time><![CDATA[7/31/2024 - 11:47:22]]></Time>
<TimeTick>1722426442</TimeTick>
<NodeArgs eType="General" icon="7" nRep="18" >
<Disp><![CDATA[Service: Reg Save Param]]></Disp>
</NodeArgs>
</Step>
<Step rID="T15">
<Obj plainTxt="False" ><![CDATA[Submit Data: cust_regfrm_confirm.php]]></Obj>
<Details plainTxt="False" ><![CDATA[<CENTER><STRONG><FONT COLOR=#009A63>Step completed successfully</FONT></STRONG></CENTER>]]></Details>
<Time><![CDATA[7/31/2024 - 11:47:22]]></Time>
<TimeTick>1722426442</TimeTick>
<NodeArgs eType="General" icon="8" nRep="19" status="Passed" >
<Disp><![CDATA[Submit Data: cust_regfrm_confirm.php]]></Disp>
<BtmPane vType="HTMLSNSH" >
<Path><![CDATA[\Iteration1\t4.inf]]></Path>
</BtmPane>
</NodeArgs>
</Step>
<Step rID="T16">
<Obj plainTxt="False" ><![CDATA[Url: Home]]></Obj>
<Details plainTxt="False" ><![CDATA[<CENTER><STRONG><FONT COLOR=#009A63>Step completed successfully</FONT></STRONG></CENTER>]]></Details>
<Time><![CDATA[7/31/2024 - 11:47:23]]></Time>
<TimeTick>1722426443</TimeTick>
<NodeArgs eType="General" icon="6" nRep="20" status="Passed" >
<Disp><![CDATA[Url: Home]]></Disp>
<BtmPane vType="HTMLSNSH" >
<Path><![CDATA[\Iteration1\t5.inf]]></Path>
</BtmPane>
</NodeArgs>
</Step>
<Summary sTime="7/31/2024 - 11:47:22" eTime="7/31/2024 - 11:47:23" passed="6" failed="0" warnings="0" ></Summary>
<NodeArgs eType="StartAction" icon="2" nRep="8" status="Passed" >
<Disp><![CDATA[Action Summary]]></Disp>
</NodeArgs>
</Action>
<NodeArgs eType="StartIteration" icon="3" nRep="7" status="Passed" >
<Disp><![CDATA[Final_Assessment1 Iteration 1 (Row 1)]]></Disp>
</NodeArgs>
</DIter>
<DIter rID="T17" iterID="2" >
<Action rID="T18">
<AName><![CDATA[Action]]></AName>
<Step rID="T19">
<Obj plainTxt="False" ><![CDATA[Service: Set Sockets Option]]></Obj>
<Details plainTxt="False" ><![CDATA[<CENTER>Set socket option <STRONG><FONT COLOR=#00AF00>SSL_VERSION</FONT></STRONG> with value <STRONG><FONT COLOR=#00AF00>AUTO</FONT></STRONG></CENTER>]]></Details>
<Time><![CDATA[7/31/2024 - 11:47:23]]></Time>
<TimeTick>1722426443</TimeTick>
<NodeArgs eType="General" icon="4" nRep="25" >
<Disp><![CDATA[Service: Set Sockets Option]]></Disp>
</NodeArgs>
</Step>
<Step rID="T20">
<Obj plainTxt="False" ><![CDATA[Service: Add Auto Header]]></Obj>
<Details plainTxt="False" ><![CDATA[<CENTER>Add the following header to all subsequent HTTP requests :<BR><STRONG><FONT COLOR=#00AF00>Accept-Language: en-US,en;q=0.5</FONT></STRONG></CENTER>]]></Details>
<Time><![CDATA[7/31/2024 - 11:47:23]]></Time>
<TimeTick>1722426443</TimeTick>
<NodeArgs eType="General" icon="5" nRep="26" >
<Disp><![CDATA[Service: Add Auto Header]]></Disp>
</NodeArgs>
</Step>
<Step rID="T21">
<Obj plainTxt="False" ><![CDATA[Url: banking]]></Obj>
<Details plainTxt="False" ><![CDATA[<CENTER><STRONG><FONT COLOR=#009A63>Step completed successfully</FONT></STRONG></CENTER>]]></Details>
<Time><![CDATA[7/31/2024 - 11:47:23]]></Time>
<TimeTick>1722426443</TimeTick>
<NodeArgs eType="General" icon="6" nRep="27" status="Passed" >
<Disp><![CDATA[Url: banking]]></Disp>
<BtmPane vType="HTMLSNSH" >
<Path><![CDATA[\Iteration2\t1.inf]]></Path>
</BtmPane>
</NodeArgs>
</Step>
<Step rID="T22">
<Obj plainTxt="False" ><![CDATA[Service: WebSocket Send]]></Obj>
<Details plainTxt="False" ><![CDATA[<CENTER><FONT COLOR=#FF0031>Step creation failed</CENTER>]]></Details>
<Time><![CDATA[7/31/2024 - 11:47:23]]></Time>
<TimeTick>1722426443</TimeTick>
<NodeArgs eType="General" icon="4" nRep="28" status="Passed" >
<Disp><![CDATA[Service: WebSocket Send]]></Disp>
</NodeArgs>
</Step>
<Step rID="T23">
<Obj plainTxt="False" ><![CDATA[Service: Reg Save Param]]></Obj>
<Details plainTxt="False" ><![CDATA[<CENTER>ParamName =<STRONG><FONT COLOR=#00AF00>C_State</FONT></STRONG><BR>Left Boundary = <STRONG><FONT COLOR=#00AF00>LB=option value="</FONT></STRONG><BR>Right Boundary = <STRONG><FONT COLOR=#00AF00>RB="></FONT></STRONG><BR>Instance = <STRONG><FONT COLOR=#00AF00>ORD=ALL</FONT></STRONG></CENTER>]]></Details>
<Time><![CDATA[7/31/2024 - 11:47:23]]></Time>
<TimeTick>1722426443</TimeTick>
<NodeArgs eType="General" icon="7" nRep="29" >
<Disp><![CDATA[Service: Reg Save Param]]></Disp>
</NodeArgs>
</Step>
<Step rID="T24">
<Obj plainTxt="False" ><![CDATA[Service: Reg Save Param]]></Obj>
<Details plainTxt="False" ><![CDATA[<CENTER>ParamName =<STRONG><FONT COLOR=#00AF00>C_City</FONT></STRONG><BR>Left Boundary = <STRONG><FONT COLOR=#00AF00>LB=option value="</FONT></STRONG><BR>Right Boundary = <STRONG><FONT COLOR=#00AF00>RB="></FONT></STRONG><BR>Instance = <STRONG><FONT COLOR=#00AF00>ORD=ALL</FONT></STRONG></CENTER>]]></Details>
<Time><![CDATA[7/31/2024 - 11:47:23]]></Time>
<TimeTick>1722426443</TimeTick>
<NodeArgs eType="General" icon="7" nRep="30" >
<Disp><![CDATA[Service: Reg Save Param]]></Disp>
</NodeArgs>
</Step>
<Step rID="T25">
<Obj plainTxt="False" ><![CDATA[Url: Open Account]]></Obj>
<Details plainTxt="False" ><![CDATA[<CENTER><STRONG><FONT COLOR=#009A63>Step completed successfully</FONT></STRONG></CENTER>]]></Details>
<Time><![CDATA[7/31/2024 - 11:47:23]]></Time>
<TimeTick>1722426443</TimeTick>
<NodeArgs eType="General" icon="6" nRep="31" status="Passed" >
<Disp><![CDATA[Url: Open Account]]></Disp>
<BtmPane vType="HTMLSNSH" >
<Path><![CDATA[\Iteration2\t2.inf]]></Path>
</BtmPane>
</NodeArgs>
</Step>
<Step rID="T26">
<Obj plainTxt="False" ><![CDATA[Submit Data: customer_reg_form.php]]></Obj>
<Details plainTxt="False" ><![CDATA[<CENTER><STRONG><FONT COLOR=#009A63>Step completed successfully</FONT></STRONG></CENTER>]]></Details>
<Time><![CDATA[7/31/2024 - 11:47:23]]></Time>
<TimeTick>1722426443</TimeTick>
<NodeArgs eType="General" icon="8" nRep="32" status="Passed" >
<Disp><![CDATA[Submit Data: customer_reg_form.php]]></Disp>
<BtmPane vType="HTMLSNSH" >
<Path><![CDATA[\Iteration2\t3.inf]]></Path>
</BtmPane>
</NodeArgs>
</Step>
<Step rID="T27">
<Obj plainTxt="False" ><![CDATA[Service: Set Max Html Param Len]]></Obj>
<Details plainTxt="False" ><![CDATA[<CENTER>Maximum length of a HTML string that can be retrieved and saved set to <STRONG><FONT COLOR=#00AF00>200000</FONT></STRONG> characters</CENTER>]]></Details>
<Time><![CDATA[7/31/2024 - 11:47:23]]></Time>
<TimeTick>1722426443</TimeTick>
<NodeArgs eType="General" icon="9" nRep="33" >
<Disp><![CDATA[Service: Set Max Html Param Len]]></Disp>
</NodeArgs>
</Step>
<Step rID="T28">
<Obj plainTxt="False" ><![CDATA[Service: Reg Save Param]]></Obj>
<Details plainTxt="False" ><![CDATA[<CENTER>ParamName =<STRONG><FONT COLOR=#00AF00>C_ApplicationNumber</FONT></STRONG><BR>Left Boundary = <STRONG><FONT COLOR=#00AF00>LB=Application number : </FONT></STRONG><BR>Right Boundary = <STRONG><FONT COLOR=#00AF00>RB=\</FONT></STRONG><BR>Instance = <STRONG><FONT COLOR=#00AF00></FONT></STRONG></CENTER>]]></Details>
<Time><![CDATA[7/31/2024 - 11:47:23]]></Time>
<TimeTick>1722426443</TimeTick>
<NodeArgs eType="General" icon="7" nRep="34" >
<Disp><![CDATA[Service: Reg Save Param]]></Disp>
</NodeArgs>
</Step>
<Step rID="T29">
<Obj plainTxt="False" ><![CDATA[Submit Data: cust_regfrm_confirm.php]]></Obj>
<Details plainTxt="False" ><![CDATA[<CENTER><STRONG><FONT COLOR=#009A63>Step completed successfully</FONT></STRONG></CENTER>]]></Details>
<Time><![CDATA[7/31/2024 - 11:47:23]]></Time>
<TimeTick>1722426443</TimeTick>
<NodeArgs eType="General" icon="8" nRep="35" status="Passed" >
<Disp><![CDATA[Submit Data: cust_regfrm_confirm.php]]></Disp>
<BtmPane vType="HTMLSNSH" >
<Path><![CDATA[\Iteration2\t4.inf]]></Path>
</BtmPane>
</NodeArgs>
</Step>
<Step rID="T30">
<Obj plainTxt="False" ><![CDATA[Url: Home]]></Obj>
<Details plainTxt="False" ><![CDATA[<CENTER><STRONG><FONT COLOR=#009A63>Step completed successfully</FONT></STRONG></CENTER>]]></Details>
<Time><![CDATA[7/31/2024 - 11:47:23]]></Time>
<TimeTick>1722426443</TimeTick>
<NodeArgs eType="General" icon="6" nRep="36" status="Passed" >
<Disp><![CDATA[Url: Home]]></Disp>
<BtmPane vType="HTMLSNSH" >
<Path><![CDATA[\Iteration2\t5.inf]]></Path>
</BtmPane>
</NodeArgs>
</Step>
<Summary sTime="7/31/2024 - 11:47:23" eTime="7/31/2024 - 11:47:23" passed="6" failed="0" warnings="0" ></Summary>
<NodeArgs eType="StartAction" icon="2" nRep="24" status="Passed" >
<Disp><![CDATA[Action Summary]]></Disp>
</NodeArgs>
</Action>
<NodeArgs eType="StartIteration" icon="3" nRep="23" status="Passed" >
<Disp><![CDATA[Final_Assessment1 Iteration 2 (Row 2)]]></Disp>
</NodeArgs>
</DIter>
<DIter rID="T31" iterID="3" >
<Action rID="T32">
<AName><![CDATA[Action]]></AName>
<Step rID="T33">
<Obj plainTxt="False" ><![CDATA[Service: Set Sockets Option]]></Obj>
<Details plainTxt="False" ><![CDATA[<CENTER>Set socket option <STRONG><FONT COLOR=#00AF00>SSL_VERSION</FONT></STRONG> with value <STRONG><FONT COLOR=#00AF00>AUTO</FONT></STRONG></CENTER>]]></Details>
<Time><![CDATA[7/31/2024 - 11:47:23]]></Time>
<TimeTick>1722426443</TimeTick>
<NodeArgs eType="General" icon="4" nRep="41" >
<Disp><![CDATA[Service: Set Sockets Option]]></Disp>
</NodeArgs>
</Step>
<Step rID="T34">
<Obj plainTxt="False" ><![CDATA[Service: Add Auto Header]]></Obj>
<Details plainTxt="False" ><![CDATA[<CENTER>Add the following header to all subsequent HTTP requests :<BR><STRONG><FONT COLOR=#00AF00>Accept-Language: en-US,en;q=0.5</FONT></STRONG></CENTER>]]></Details>
<Time><![CDATA[7/31/2024 - 11:47:23]]></Time>
<TimeTick>1722426443</TimeTick>
<NodeArgs eType="General" icon="5" nRep="42" >
<Disp><![CDATA[Service: Add Auto Header]]></Disp>
</NodeArgs>
</Step>
<Step rID="T35">
<Obj plainTxt="False" ><![CDATA[Url: banking]]></Obj>
<Details plainTxt="False" ><![CDATA[<CENTER><STRONG><FONT COLOR=#009A63>Step completed successfully</FONT></STRONG></CENTER>]]></Details>
<Time><![CDATA[7/31/2024 - 11:47:23]]></Time>
<TimeTick>1722426443</TimeTick>
<NodeArgs eType="General" icon="6" nRep="43" status="Passed" >
<Disp><![CDATA[Url: banking]]></Disp>
<BtmPane vType="HTMLSNSH" >
<Path><![CDATA[\Iteration3\t1.inf]]></Path>
</BtmPane>
</NodeArgs>
</Step>
<Step rID="T36">
<Obj plainTxt="False" ><![CDATA[Service: WebSocket Send]]></Obj>
<Details plainTxt="False" ><![CDATA[<CENTER><FONT COLOR=#FF0031>Step creation failed</CENTER>]]></Details>
<Time><![CDATA[7/31/2024 - 11:47:23]]></Time>
<TimeTick>1722426443</TimeTick>
<NodeArgs eType="General" icon="4" nRep="44" status="Passed" >
<Disp><![CDATA[Service: WebSocket Send]]></Disp>
</NodeArgs>
</Step>
<Step rID="T37">
<Obj plainTxt="False" ><![CDATA[Service: Reg Save Param]]></Obj>
<Details plainTxt="False" ><![CDATA[<CENTER>ParamName =<STRONG><FONT COLOR=#00AF00>C_State</FONT></STRONG><BR>Left Boundary = <STRONG><FONT COLOR=#00AF00>LB=option value="</FONT></STRONG><BR>Right Boundary = <STRONG><FONT COLOR=#00AF00>RB="></FONT></STRONG><BR>Instance = <STRONG><FONT COLOR=#00AF00>ORD=ALL</FONT></STRONG></CENTER>]]></Details>
<Time><![CDATA[7/31/2024 - 11:47:23]]></Time>
<TimeTick>1722426443</TimeTick>
<NodeArgs eType="General" icon="7" nRep="45" >
<Disp><![CDATA[Service: Reg Save Param]]></Disp>
</NodeArgs>
</Step>
<Step rID="T38">
<Obj plainTxt="False" ><![CDATA[Service: Reg Save Param]]></Obj>
<Details plainTxt="False" ><![CDATA[<CENTER>ParamName =<STRONG><FONT COLOR=#00AF00>C_City</FONT></STRONG><BR>Left Boundary = <STRONG><FONT COLOR=#00AF00>LB=option value="</FONT></STRONG><BR>Right Boundary = <STRONG><FONT COLOR=#00AF00>RB="></FONT></STRONG><BR>Instance = <STRONG><FONT COLOR=#00AF00>ORD=ALL</FONT></STRONG></CENTER>]]></Details>
<Time><![CDATA[7/31/2024 - 11:47:23]]></Time>
<TimeTick>1722426443</TimeTick>
<NodeArgs eType="General" icon="7" nRep="46" >
<Disp><![CDATA[Service: Reg Save Param]]></Disp>
</NodeArgs>
</Step>
<Step rID="T39">
<Obj plainTxt="False" ><![CDATA[Url: Open Account]]></Obj>
<Details plainTxt="False" ><![CDATA[<CENTER><STRONG><FONT COLOR=#009A63>Step completed successfully</FONT></STRONG></CENTER>]]></Details>
<Time><![CDATA[7/31/2024 - 11:47:23]]></Time>
<TimeTick>1722426443</TimeTick>
<NodeArgs eType="General" icon="6" nRep="47" status="Passed" >
<Disp><![CDATA[Url: Open Account]]></Disp>
<BtmPane vType="HTMLSNSH" >
<Path><![CDATA[\Iteration3\t2.inf]]></Path>
</BtmPane>
</NodeArgs>
</Step>
<Step rID="T40">
<Obj plainTxt="False" ><![CDATA[Submit Data: customer_reg_form.php]]></Obj>
<Details plainTxt="False" ><![CDATA[<CENTER><STRONG><FONT COLOR=#009A63>Step completed successfully</FONT></STRONG></CENTER>]]></Details>
<Time><![CDATA[7/31/2024 - 11:47:23]]></Time>
<TimeTick>1722426443</TimeTick>
<NodeArgs eType="General" icon="8" nRep="48" status="Passed" >
<Disp><![CDATA[Submit Data: customer_reg_form.php]]></Disp>
<BtmPane vType="HTMLSNSH" >
<Path><![CDATA[\Iteration3\t3.inf]]></Path>
</BtmPane>
</NodeArgs>
</Step>
<Step rID="T41">
<Obj plainTxt="False" ><![CDATA[Service: Set Max Html Param Len]]></Obj>
<Details plainTxt="False" ><![CDATA[<CENTER>Maximum length of a HTML string that can be retrieved and saved set to <STRONG><FONT COLOR=#00AF00>200000</FONT></STRONG> characters</CENTER>]]></Details>
<Time><![CDATA[7/31/2024 - 11:47:23]]></Time>
<TimeTick>1722426443</TimeTick>
<NodeArgs eType="General" icon="9" nRep="49" >
<Disp><![CDATA[Service: Set Max Html Param Len]]></Disp>
</NodeArgs>
</Step>
<Step rID="T42">
<Obj plainTxt="False" ><![CDATA[Service: Reg Save Param]]></Obj>
<Details plainTxt="False" ><![CDATA[<CENTER>ParamName =<STRONG><FONT COLOR=#00AF00>C_ApplicationNumber</FONT></STRONG><BR>Left Boundary = <STRONG><FONT COLOR=#00AF00>LB=Application number : </FONT></STRONG><BR>Right Boundary = <STRONG><FONT COLOR=#00AF00>RB=\</FONT></STRONG><BR>Instance = <STRONG><FONT COLOR=#00AF00></FONT></STRONG></CENTER>]]></Details>
<Time><![CDATA[7/31/2024 - 11:47:23]]></Time>
<TimeTick>1722426443</TimeTick>
<NodeArgs eType="General" icon="7" nRep="50" >
<Disp><![CDATA[Service: Reg Save Param]]></Disp>
</NodeArgs>
</Step>
<Step rID="T43">
<Obj plainTxt="False" ><![CDATA[Submit Data: cust_regfrm_confirm.php]]></Obj>
<Details plainTxt="False" ><![CDATA[<CENTER><STRONG><FONT COLOR=#009A63>Step completed successfully</FONT></STRONG></CENTER>]]></Details>
<Time><![CDATA[7/31/2024 - 11:47:23]]></Time>
<TimeTick>1722426443</TimeTick>
<NodeArgs eType="General" icon="8" nRep="51" status="Passed" >
<Disp><![CDATA[Submit Data: cust_regfrm_confirm.php]]></Disp>
<BtmPane vType="HTMLSNSH" >
<Path><![CDATA[\Iteration3\t4.inf]]></Path>
</BtmPane>
</NodeArgs>
</Step>
<Step rID="T44">
<Obj plainTxt="False" ><![CDATA[Url: Home]]></Obj>
<Details plainTxt="False" ><![CDATA[<CENTER><STRONG><FONT COLOR=#009A63>Step completed successfully</FONT></STRONG></CENTER>]]></Details>
<Time><![CDATA[7/31/2024 - 11:47:23]]></Time>
<TimeTick>1722426443</TimeTick>
<NodeArgs eType="General" icon="6" nRep="52" status="Passed" >
<Disp><![CDATA[Url: Home]]></Disp>
<BtmPane vType="HTMLSNSH" >
<Path><![CDATA[\Iteration3\t5.inf]]></Path>
</BtmPane>
</NodeArgs>
</Step>
<Summary sTime="7/31/2024 - 11:47:23" eTime="7/31/2024 - 11:47:23" passed="6" failed="0" warnings="0" ></Summary>
<NodeArgs eType="StartAction" icon="2" nRep="40" status="Passed" >
<Disp><![CDATA[Action Summary]]></Disp>
</NodeArgs>
</Action>
<NodeArgs eType="StartIteration" icon="3" nRep="39" status="Passed" >
<Disp><![CDATA[Final_Assessment1 Iteration 3 (Row 3)]]></Disp>
</NodeArgs>
</DIter>
<DIter rID="T45" iterID="4" >
<Action rID="T46">
<AName><![CDATA[Action]]></AName>
<Step rID="T47">
<Obj plainTxt="False" ><![CDATA[Service: Set Sockets Option]]></Obj>
<Details plainTxt="False" ><![CDATA[<CENTER>Set socket option <STRONG><FONT COLOR=#00AF00>SSL_VERSION</FONT></STRONG> with value <STRONG><FONT COLOR=#00AF00>AUTO</FONT></STRONG></CENTER>]]></Details>
<Time><![CDATA[7/31/2024 - 11:47:23]]></Time>
<TimeTick>1722426443</TimeTick>
<NodeArgs eType="General" icon="4" nRep="57" >
<Disp><![CDATA[Service: Set Sockets Option]]></Disp>
</NodeArgs>
</Step>
<Step rID="T48">
<Obj plainTxt="False" ><![CDATA[Service: Add Auto Header]]></Obj>
<Details plainTxt="False" ><![CDATA[<CENTER>Add the following header to all subsequent HTTP requests :<BR><STRONG><FONT COLOR=#00AF00>Accept-Language: en-US,en;q=0.5</FONT></STRONG></CENTER>]]></Details>
<Time><![CDATA[7/31/2024 - 11:47:23]]></Time>
<TimeTick>1722426443</TimeTick>
<NodeArgs eType="General" icon="5" nRep="58" >
<Disp><![CDATA[Service: Add Auto Header]]></Disp>
</NodeArgs>
</Step>
<Step rID="T49">
<Obj plainTxt="False" ><![CDATA[Url: banking]]></Obj>
<Details plainTxt="False" ><![CDATA[<CENTER><STRONG><FONT COLOR=#009A63>Step completed successfully</FONT></STRONG></CENTER>]]></Details>
<Time><![CDATA[7/31/2024 - 11:47:23]]></Time>
<TimeTick>1722426443</TimeTick>
<NodeArgs eType="General" icon="6" nRep="59" status="Passed" >
<Disp><![CDATA[Url: banking]]></Disp>
<BtmPane vType="HTMLSNSH" >
<Path><![CDATA[\Iteration4\t1.inf]]></Path>
</BtmPane>
</NodeArgs>
</Step>
<Step rID="T50">
<Obj plainTxt="False" ><![CDATA[Service: WebSocket Send]]></Obj>
<Details plainTxt="False" ><![CDATA[<CENTER><FONT COLOR=#FF0031>Step creation failed</CENTER>]]></Details>
<Time><![CDATA[7/31/2024 - 11:47:23]]></Time>
<TimeTick>1722426443</TimeTick>
<NodeArgs eType="General" icon="4" nRep="60" status="Passed" >
<Disp><![CDATA[Service: WebSocket Send]]></Disp>
</NodeArgs>
</Step>
<Step rID="T51">
<Obj plainTxt="False" ><![CDATA[Service: Reg Save Param]]></Obj>
<Details plainTxt="False" ><![CDATA[<CENTER>ParamName =<STRONG><FONT COLOR=#00AF00>C_State</FONT></STRONG><BR>Left Boundary = <STRONG><FONT COLOR=#00AF00>LB=option value="</FONT></STRONG><BR>Right Boundary = <STRONG><FONT COLOR=#00AF00>RB="></FONT></STRONG><BR>Instance = <STRONG><FONT COLOR=#00AF00>ORD=ALL</FONT></STRONG></CENTER>]]></Details>
<Time><![CDATA[7/31/2024 - 11:47:23]]></Time>
<TimeTick>1722426443</TimeTick>
<NodeArgs eType="General" icon="7" nRep="61" >
<Disp><![CDATA[Service: Reg Save Param]]></Disp>
</NodeArgs>
</Step>
<Step rID="T52">
<Obj plainTxt="False" ><![CDATA[Service: Reg Save Param]]></Obj>
<Details plainTxt="False" ><![CDATA[<CENTER>ParamName =<STRONG><FONT COLOR=#00AF00>C_City</FONT></STRONG><BR>Left Boundary = <STRONG><FONT COLOR=#00AF00>LB=option value="</FONT></STRONG><BR>Right Boundary = <STRONG><FONT COLOR=#00AF00>RB="></FONT></STRONG><BR>Instance = <STRONG><FONT COLOR=#00AF00>ORD=ALL</FONT></STRONG></CENTER>]]></Details>
<Time><![CDATA[7/31/2024 - 11:47:23]]></Time>
<TimeTick>1722426443</TimeTick>
<NodeArgs eType="General" icon="7" nRep="62" >
<Disp><![CDATA[Service: Reg Save Param]]></Disp>
</NodeArgs>
</Step>
<Step rID="T53">
<Obj plainTxt="False" ><![CDATA[Url: Open Account]]></Obj>
<Details plainTxt="False" ><![CDATA[<CENTER><STRONG><FONT COLOR=#009A63>Step completed successfully</FONT></STRONG></CENTER>]]></Details>
<Time><![CDATA[7/31/2024 - 11:47:23]]></Time>
<TimeTick>1722426443</TimeTick>
<NodeArgs eType="General" icon="6" nRep="63" status="Passed" >
<Disp><![CDATA[Url: Open Account]]></Disp>
<BtmPane vType="HTMLSNSH" >
<Path><![CDATA[\Iteration4\t2.inf]]></Path>
</BtmPane>
</NodeArgs>
</Step>
<Step rID="T54">
<Obj plainTxt="False" ><![CDATA[Submit Data: customer_reg_form.php]]></Obj>
<Details plainTxt="False" ><![CDATA[<CENTER><STRONG><FONT COLOR=#009A63>Step completed successfully</FONT></STRONG></CENTER>]]></Details>
<Time><![CDATA[7/31/2024 - 11:47:23]]></Time>
<TimeTick>1722426443</TimeTick>
<NodeArgs eType="General" icon="8" nRep="64" status="Passed" >
<Disp><![CDATA[Submit Data: customer_reg_form.php]]></Disp>
<BtmPane vType="HTMLSNSH" >
<Path><![CDATA[\Iteration4\t3.inf]]></Path>
</BtmPane>
</NodeArgs>
</Step>
<Step rID="T55">
<Obj plainTxt="False" ><![CDATA[Service: Set Max Html Param Len]]></Obj>
<Details plainTxt="False" ><![CDATA[<CENTER>Maximum length of a HTML string that can be retrieved and saved set to <STRONG><FONT COLOR=#00AF00>200000</FONT></STRONG> characters</CENTER>]]></Details>
<Time><![CDATA[7/31/2024 - 11:47:23]]></Time>
<TimeTick>1722426443</TimeTick>
<NodeArgs eType="General" icon="9" nRep="65" >
<Disp><![CDATA[Service: Set Max Html Param Len]]></Disp>
</NodeArgs>
</Step>
<Step rID="T56">
<Obj plainTxt="False" ><![CDATA[Service: Reg Save Param]]></Obj>
<Details plainTxt="False" ><![CDATA[<CENTER>ParamName =<STRONG><FONT COLOR=#00AF00>C_ApplicationNumber</FONT></STRONG><BR>Left Boundary = <STRONG><FONT COLOR=#00AF00>LB=Application number : </FONT></STRONG><BR>Right Boundary = <STRONG><FONT COLOR=#00AF00>RB=\</FONT></STRONG><BR>Instance = <STRONG><FONT COLOR=#00AF00></FONT></STRONG></CENTER>]]></Details>
<Time><![CDATA[7/31/2024 - 11:47:23]]></Time>
<TimeTick>1722426443</TimeTick>
<NodeArgs eType="General" icon="7" nRep="66" >
<Disp><![CDATA[Service: Reg Save Param]]></Disp>
</NodeArgs>
</Step>
<Step rID="T57">
<Obj plainTxt="False" ><![CDATA[Submit Data: cust_regfrm_confirm.php]]></Obj>
<Details plainTxt="False" ><![CDATA[<CENTER><STRONG><FONT COLOR=#009A63>Step completed successfully</FONT></STRONG></CENTER>]]></Details>
<Time><![CDATA[7/31/2024 - 11:47:23]]></Time>
<TimeTick>1722426443</TimeTick>
<NodeArgs eType="General" icon="8" nRep="67" status="Passed" >
<Disp><![CDATA[Submit Data: cust_regfrm_confirm.php]]></Disp>
<BtmPane vType="HTMLSNSH" >
<Path><![CDATA[\Iteration4\t4.inf]]></Path>
</BtmPane>
</NodeArgs>
</Step>
<Step rID="T58">
<Obj plainTxt="False" ><![CDATA[Url: Home]]></Obj>
<Details plainTxt="False" ><![CDATA[<CENTER><STRONG><FONT COLOR=#009A63>Step completed successfully</FONT></STRONG></CENTER>]]></Details>
<Time><![CDATA[7/31/2024 - 11:47:23]]></Time>
<TimeTick>1722426443</TimeTick>
<NodeArgs eType="General" icon="6" nRep="68" status="Passed" >
<Disp><![CDATA[Url: Home]]></Disp>
<BtmPane vType="HTMLSNSH" >
<Path><![CDATA[\Iteration4\t5.inf]]></Path>
</BtmPane>
</NodeArgs>
</Step>
<Summary sTime="7/31/2024 - 11:47:23" eTime="7/31/2024 - 11:47:23" passed="6" failed="0" warnings="0" ></Summary>
<NodeArgs eType="StartAction" icon="2" nRep="56" status="Passed" >
<Disp><![CDATA[Action Summary]]></Disp>
</NodeArgs>
</Action>
<NodeArgs eType="StartIteration" icon="3" nRep="55" status="Passed" >
<Disp><![CDATA[Final_Assessment1 Iteration 4 (Row 4)]]></Disp>
</NodeArgs>
</DIter>
<DIter rID="T59" iterID="5" >
<Action rID="T60">
<AName><![CDATA[Action]]></AName>
<Step rID="T61">
<Obj plainTxt="False" ><![CDATA[Service: Set Sockets Option]]></Obj>
<Details plainTxt="False" ><![CDATA[<CENTER>Set socket option <STRONG><FONT COLOR=#00AF00>SSL_VERSION</FONT></STRONG> with value <STRONG><FONT COLOR=#00AF00>AUTO</FONT></STRONG></CENTER>]]></Details>
<Time><![CDATA[7/31/2024 - 11:47:23]]></Time>
<TimeTick>1722426443</TimeTick>
<NodeArgs eType="General" icon="4" nRep="73" >
<Disp><![CDATA[Service: Set Sockets Option]]></Disp>
</NodeArgs>
</Step>
<Step rID="T62">
<Obj plainTxt="False" ><![CDATA[Service: Add Auto Header]]></Obj>
<Details plainTxt="False" ><![CDATA[<CENTER>Add the following header to all subsequent HTTP requests :<BR><STRONG><FONT COLOR=#00AF00>Accept-Language: en-US,en;q=0.5</FONT></STRONG></CENTER>]]></Details>
<Time><![CDATA[7/31/2024 - 11:47:23]]></Time>
<TimeTick>1722426443</TimeTick>
<NodeArgs eType="General" icon="5" nRep="74" >
<Disp><![CDATA[Service: Add Auto Header]]></Disp>
</NodeArgs>
</Step>
<Step rID="T63">
<Obj plainTxt="False" ><![CDATA[Url: banking]]></Obj>
<Details plainTxt="False" ><![CDATA[<CENTER><STRONG><FONT COLOR=#009A63>Step completed successfully</FONT></STRONG></CENTER>]]></Details>
<Time><![CDATA[7/31/2024 - 11:47:23]]></Time>
<TimeTick>1722426443</TimeTick>
<NodeArgs eType="General" icon="6" nRep="75" status="Passed" >
<Disp><![CDATA[Url: banking]]></Disp>
<BtmPane vType="HTMLSNSH" >
<Path><![CDATA[\Iteration5\t1.inf]]></Path>
</BtmPane>
</NodeArgs>
</Step>
<Step rID="T64">
<Obj plainTxt="False" ><![CDATA[Service: WebSocket Send]]></Obj>
<Details plainTxt="False" ><![CDATA[<CENTER><FONT COLOR=#FF0031>Step creation failed</CENTER>]]></Details>
<Time><![CDATA[7/31/2024 - 11:47:23]]></Time>
<TimeTick>1722426443</TimeTick>
<NodeArgs eType="General" icon="4" nRep="76" status="Passed" >
<Disp><![CDATA[Service: WebSocket Send]]></Disp>
</NodeArgs>
</Step>
<Step rID="T65">
<Obj plainTxt="False" ><![CDATA[Service: Reg Save Param]]></Obj>
<Details plainTxt="False" ><![CDATA[<CENTER>ParamName =<STRONG><FONT COLOR=#00AF00>C_State</FONT></STRONG><BR>Left Boundary = <STRONG><FONT COLOR=#00AF00>LB=option value="</FONT></STRONG><BR>Right Boundary = <STRONG><FONT COLOR=#00AF00>RB="></FONT></STRONG><BR>Instance = <STRONG><FONT COLOR=#00AF00>ORD=ALL</FONT></STRONG></CENTER>]]></Details>
<Time><![CDATA[7/31/2024 - 11:47:23]]></Time>
<TimeTick>1722426443</TimeTick>
<NodeArgs eType="General" icon="7" nRep="77" >
<Disp><![CDATA[Service: Reg Save Param]]></Disp>
</NodeArgs>
</Step>
<Step rID="T66">
<Obj plainTxt="False" ><![CDATA[Service: Reg Save Param]]></Obj>
<Details plainTxt="False" ><![CDATA[<CENTER>ParamName =<STRONG><FONT COLOR=#00AF00>C_City</FONT></STRONG><BR>Left Boundary = <STRONG><FONT COLOR=#00AF00>LB=option value="</FONT></STRONG><BR>Right Boundary = <STRONG><FONT COLOR=#00AF00>RB="></FONT></STRONG><BR>Instance = <STRONG><FONT COLOR=#00AF00>ORD=ALL</FONT></STRONG></CENTER>]]></Details>
<Time><![CDATA[7/31/2024 - 11:47:23]]></Time>
<TimeTick>1722426443</TimeTick>
<NodeArgs eType="General" icon="7" nRep="78" >
<Disp><![CDATA[Service: Reg Save Param]]></Disp>
</NodeArgs>
</Step>
<Step rID="T67">
<Obj plainTxt="False" ><![CDATA[Url: Open Account]]></Obj>
<Details plainTxt="False" ><![CDATA[<CENTER><STRONG><FONT COLOR=#009A63>Step completed successfully</FONT></STRONG></CENTER>]]></Details>
<Time><![CDATA[7/31/2024 - 11:47:23]]></Time>
<TimeTick>1722426443</TimeTick>
<NodeArgs eType="General" icon="6" nRep="79" status="Passed" >
<Disp><![CDATA[Url: Open Account]]></Disp>
<BtmPane vType="HTMLSNSH" >
<Path><![CDATA[\Iteration5\t2.inf]]></Path>
</BtmPane>
</NodeArgs>
</Step>
<Step rID="T68">
<Obj plainTxt="False" ><![CDATA[Submit Data: customer_reg_form.php]]></Obj>
<Details plainTxt="False" ><![CDATA[<CENTER><STRONG><FONT COLOR=#009A63>Step completed successfully</FONT></STRONG></CENTER>]]></Details>
<Time><![CDATA[7/31/2024 - 11:47:23]]></Time>
<TimeTick>1722426443</TimeTick>
<NodeArgs eType="General" icon="8" nRep="80" status="Passed" >
<Disp><![CDATA[Submit Data: customer_reg_form.php]]></Disp>
<BtmPane vType="HTMLSNSH" >
<Path><![CDATA[\Iteration5\t3.inf]]></Path>
</BtmPane>
</NodeArgs>
</Step>
<Step rID="T69">
<Obj plainTxt="False" ><![CDATA[Service: Set Max Html Param Len]]></Obj>
<Details plainTxt="False" ><![CDATA[<CENTER>Maximum length of a HTML string that can be retrieved and saved set to <STRONG><FONT COLOR=#00AF00>200000</FONT></STRONG> characters</CENTER>]]></Details>
<Time><![CDATA[7/31/2024 - 11:47:23]]></Time>
<TimeTick>1722426443</TimeTick>
<NodeArgs eType="General" icon="9" nRep="81" >
<Disp><![CDATA[Service: Set Max Html Param Len]]></Disp>
</NodeArgs>
</Step>
<Step rID="T70">
<Obj plainTxt="False" ><![CDATA[Service: Reg Save Param]]></Obj>
<Details plainTxt="False" ><![CDATA[<CENTER>ParamName =<STRONG><FONT COLOR=#00AF00>C_ApplicationNumber</FONT></STRONG><BR>Left Boundary = <STRONG><FONT COLOR=#00AF00>LB=Application number : </FONT></STRONG><BR>Right Boundary = <STRONG><FONT COLOR=#00AF00>RB=\</FONT></STRONG><BR>Instance = <STRONG><FONT COLOR=#00AF00></FONT></STRONG></CENTER>]]></Details>
<Time><![CDATA[7/31/2024 - 11:47:23]]></Time>
<TimeTick>1722426443</TimeTick>
<NodeArgs eType="General" icon="7" nRep="82" >
<Disp><![CDATA[Service: Reg Save Param]]></Disp>
</NodeArgs>
</Step>
<Step rID="T71">
<Obj plainTxt="False" ><![CDATA[Submit Data: cust_regfrm_confirm.php]]></Obj>
<Details plainTxt="False" ><![CDATA[<CENTER><STRONG><FONT COLOR=#009A63>Step completed successfully</FONT></STRONG></CENTER>]]></Details>
<Time><![CDATA[7/31/2024 - 11:47:24]]></Time>
<TimeTick>1722426444</TimeTick>
<NodeArgs eType="General" icon="8" nRep="83" status="Passed" >
<Disp><![CDATA[Submit Data: cust_regfrm_confirm.php]]></Disp>
<BtmPane vType="HTMLSNSH" >
<Path><![CDATA[\Iteration5\t4.inf]]></Path>
</BtmPane>
</NodeArgs>
</Step>
<Step rID="T72">
<Obj plainTxt="False" ><![CDATA[Url: Home]]></Obj>
<Details plainTxt="False" ><![CDATA[<CENTER><STRONG><FONT COLOR=#009A63>Step completed successfully</FONT></STRONG></CENTER>]]></Details>
<Time><![CDATA[7/31/2024 - 11:47:24]]></Time>
<TimeTick>1722426444</TimeTick>
<NodeArgs eType="General" icon="6" nRep="84" status="Passed" >
<Disp><![CDATA[Url: Home]]></Disp>
<BtmPane vType="HTMLSNSH" >
<Path><![CDATA[\Iteration5\t5.inf]]></Path>
</BtmPane>
</NodeArgs>
</Step>
<Summary sTime="7/31/2024 - 11:47:23" eTime="7/31/2024 - 11:47:24" passed="6" failed="0" warnings="0" ></Summary>
<NodeArgs eType="StartAction" icon="2" nRep="72" status="Passed" >
<Disp><![CDATA[Action Summary]]></Disp>
</NodeArgs>
</Action>
<NodeArgs eType="StartIteration" icon="3" nRep="71" status="Passed" >
<Disp><![CDATA[Final_Assessment1 Iteration 5 (Row 5)]]></Disp>
</NodeArgs>
</DIter>
<DIter rID="T73" iterID="6" >
<Action rID="T74">
<AName><![CDATA[Action]]></AName>
<Step rID="T75">
<Obj plainTxt="False" ><![CDATA[Service: Set Sockets Option]]></Obj>
<Details plainTxt="False" ><![CDATA[<CENTER>Set socket option <STRONG><FONT COLOR=#00AF00>SSL_VERSION</FONT></STRONG> with value <STRONG><FONT COLOR=#00AF00>AUTO</FONT></STRONG></CENTER>]]></Details>
<Time><![CDATA[7/31/2024 - 11:47:24]]></Time>
<TimeTick>1722426444</TimeTick>
<NodeArgs eType="General" icon="4" nRep="89" >
<Disp><![CDATA[Service: Set Sockets Option]]></Disp>
</NodeArgs>
</Step>
<Step rID="T76">
<Obj plainTxt="False" ><![CDATA[Service: Add Auto Header]]></Obj>
<Details plainTxt="False" ><![CDATA[<CENTER>Add the following header to all subsequent HTTP requests :<BR><STRONG><FONT COLOR=#00AF00>Accept-Language: en-US,en;q=0.5</FONT></STRONG></CENTER>]]></Details>
<Time><![CDATA[7/31/2024 - 11:47:24]]></Time>
<TimeTick>1722426444</TimeTick>
<NodeArgs eType="General" icon="5" nRep="90" >
<Disp><![CDATA[Service: Add Auto Header]]></Disp>
</NodeArgs>
</Step>
<Step rID="T77">
<Obj plainTxt="False" ><![CDATA[Url: banking]]></Obj>
<Details plainTxt="False" ><![CDATA[<CENTER><STRONG><FONT COLOR=#009A63>Step completed successfully</FONT></STRONG></CENTER>]]></Details>
<Time><![CDATA[7/31/2024 - 11:47:24]]></Time>
<TimeTick>1722426444</TimeTick>
<NodeArgs eType="General" icon="6" nRep="91" status="Passed" >
<Disp><![CDATA[Url: banking]]></Disp>
<BtmPane vType="HTMLSNSH" >
<Path><![CDATA[\Iteration6\t1.inf]]></Path>
</BtmPane>
</NodeArgs>
</Step>
<Step rID="T78">
<Obj plainTxt="False" ><![CDATA[Service: WebSocket Send]]></Obj>
<Details plainTxt="False" ><![CDATA[<CENTER><FONT COLOR=#FF0031>Step creation failed</CENTER>]]></Details>
<Time><![CDATA[7/31/2024 - 11:47:24]]></Time>
<TimeTick>1722426444</TimeTick>
<NodeArgs eType="General" icon="4" nRep="92" status="Passed" >
<Disp><![CDATA[Service: WebSocket Send]]></Disp>
</NodeArgs>
</Step>
<Step rID="T79">
<Obj plainTxt="False" ><![CDATA[Service: Reg Save Param]]></Obj>
<Details plainTxt="False" ><![CDATA[<CENTER>ParamName =<STRONG><FONT COLOR=#00AF00>C_State</FONT></STRONG><BR>Left Boundary = <STRONG><FONT COLOR=#00AF00>LB=option value="</FONT></STRONG><BR>Right Boundary = <STRONG><FONT COLOR=#00AF00>RB="></FONT></STRONG><BR>Instance = <STRONG><FONT COLOR=#00AF00>ORD=ALL</FONT></STRONG></CENTER>]]></Details>
<Time><![CDATA[7/31/2024 - 11:47:24]]></Time>
<TimeTick>1722426444</TimeTick>
<NodeArgs eType="General" icon="7" nRep="93" >
<Disp><![CDATA[Service: Reg Save Param]]></Disp>
</NodeArgs>
</Step>
<Step rID="T80">
<Obj plainTxt="False" ><![CDATA[Service: Reg Save Param]]></Obj>
<Details plainTxt="False" ><![CDATA[<CENTER>ParamName =<STRONG><FONT COLOR=#00AF00>C_City</FONT></STRONG><BR>Left Boundary = <STRONG><FONT COLOR=#00AF00>LB=option value="</FONT></STRONG><BR>Right Boundary = <STRONG><FONT COLOR=#00AF00>RB="></FONT></STRONG><BR>Instance = <STRONG><FONT COLOR=#00AF00>ORD=ALL</FONT></STRONG></CENTER>]]></Details>
<Time><![CDATA[7/31/2024 - 11:47:24]]></Time>
<TimeTick>1722426444</TimeTick>
<NodeArgs eType="General" icon="7" nRep="94" >
<Disp><![CDATA[Service: Reg Save Param]]></Disp>
</NodeArgs>
</Step>
<Step rID="T81">
<Obj plainTxt="False" ><![CDATA[Url: Open Account]]></Obj>
<Details plainTxt="False" ><![CDATA[<CENTER><STRONG><FONT COLOR=#009A63>Step completed successfully</FONT></STRONG></CENTER>]]></Details>
<Time><![CDATA[7/31/2024 - 11:47:24]]></Time>
<TimeTick>1722426444</TimeTick>
<NodeArgs eType="General" icon="6" nRep="95" status="Passed" >
<Disp><![CDATA[Url: Open Account]]></Disp>
<BtmPane vType="HTMLSNSH" >
<Path><![CDATA[\Iteration6\t2.inf]]></Path>
</BtmPane>
</NodeArgs>
</Step>
<Step rID="T82">
<Obj plainTxt="False" ><![CDATA[Submit Data: customer_reg_form.php]]></Obj>
<Details plainTxt="False" ><![CDATA[<CENTER><STRONG><FONT COLOR=#009A63>Step completed successfully</FONT></STRONG></CENTER>]]></Details>
<Time><![CDATA[7/31/2024 - 11:47:24]]></Time>
<TimeTick>1722426444</TimeTick>
<NodeArgs eType="General" icon="8" nRep="96" status="Passed" >
<Disp><![CDATA[Submit Data: customer_reg_form.php]]></Disp>
<BtmPane vType="HTMLSNSH" >
<Path><![CDATA[\Iteration6\t3.inf]]></Path>
</BtmPane>
</NodeArgs>
</Step>
<Step rID="T83">
<Obj plainTxt="False" ><![CDATA[Service: Set Max Html Param Len]]></Obj>
<Details plainTxt="False" ><![CDATA[<CENTER>Maximum length of a HTML string that can be retrieved and saved set to <STRONG><FONT COLOR=#00AF00>200000</FONT></STRONG> characters</CENTER>]]></Details>
<Time><![CDATA[7/31/2024 - 11:47:24]]></Time>
<TimeTick>1722426444</TimeTick>
<NodeArgs eType="General" icon="9" nRep="97" >
<Disp><![CDATA[Service: Set Max Html Param Len]]></Disp>
</NodeArgs>
</Step>
<Step rID="T84">
<Obj plainTxt="False" ><![CDATA[Service: Reg Save Param]]></Obj>
<Details plainTxt="False" ><![CDATA[<CENTER>ParamName =<STRONG><FONT COLOR=#00AF00>C_ApplicationNumber</FONT></STRONG><BR>Left Boundary = <STRONG><FONT COLOR=#00AF00>LB=Application number : </FONT></STRONG><BR>Right Boundary = <STRONG><FONT COLOR=#00AF00>RB=\</FONT></STRONG><BR>Instance = <STRONG><FONT COLOR=#00AF00></FONT></STRONG></CENTER>]]></Details>
<Time><![CDATA[7/31/2024 - 11:47:24]]></Time>
<TimeTick>1722426444</TimeTick>
<NodeArgs eType="General" icon="7" nRep="98" >
<Disp><![CDATA[Service: Reg Save Param]]></Disp>
</NodeArgs>
</Step>
<Step rID="T85">
<Obj plainTxt="False" ><![CDATA[Submit Data: cust_regfrm_confirm.php]]></Obj>
<Details plainTxt="False" ><![CDATA[<CENTER><STRONG><FONT COLOR=#009A63>Step completed successfully</FONT></STRONG></CENTER>]]></Details>
<Time><![CDATA[7/31/2024 - 11:47:24]]></Time>
<TimeTick>1722426444</TimeTick>
<NodeArgs eType="General" icon="8" nRep="99" status="Passed" >
<Disp><![CDATA[Submit Data: cust_regfrm_confirm.php]]></Disp>
<BtmPane vType="HTMLSNSH" >
<Path><![CDATA[\Iteration6\t4.inf]]></Path>
</BtmPane>
</NodeArgs>
</Step>
<Step rID="T86">
<Obj plainTxt="False" ><![CDATA[Url: Home]]></Obj>
<Details plainTxt="False" ><![CDATA[<CENTER><STRONG><FONT COLOR=#009A63>Step completed successfully</FONT></STRONG></CENTER>]]></Details>
<Time><![CDATA[7/31/2024 - 11:47:24]]></Time>
<TimeTick>1722426444</TimeTick>
<NodeArgs eType="General" icon="6" nRep="100" status="Passed" >
<Disp><![CDATA[Url: Home]]></Disp>
<BtmPane vType="HTMLSNSH" >
<Path><![CDATA[\Iteration6\t5.inf]]></Path>
</BtmPane>
</NodeArgs>
</Step>
<Summary sTime="7/31/2024 - 11:47:24" eTime="7/31/2024 - 11:47:24" passed="6" failed="0" warnings="0" ></Summary>
<NodeArgs eType="StartAction" icon="2" nRep="88" status="Passed" >
<Disp><![CDATA[Action Summary]]></Disp>
</NodeArgs>
</Action>
<NodeArgs eType="StartIteration" icon="3" nRep="87" status="Passed" >
<Disp><![CDATA[Final_Assessment1 Iteration 6 (Row 6)]]></Disp>
</NodeArgs>
</DIter>
<DIter rID="T87" iterID="7" >
<Action rID="T88">
<AName><![CDATA[Action]]></AName>
<Step rID="T89">
<Obj plainTxt="False" ><![CDATA[Service: Set Sockets Option]]></Obj>
<Details plainTxt="False" ><![CDATA[<CENTER>Set socket option <STRONG><FONT COLOR=#00AF00>SSL_VERSION</FONT></STRONG> with value <STRONG><FONT COLOR=#00AF00>AUTO</FONT></STRONG></CENTER>]]></Details>
<Time><![CDATA[7/31/2024 - 11:47:24]]></Time>
<TimeTick>1722426444</TimeTick>
<NodeArgs eType="General" icon="4" nRep="105" >
<Disp><![CDATA[Service: Set Sockets Option]]></Disp>
</NodeArgs>
</Step>
<Step rID="T90">
<Obj plainTxt="False" ><![CDATA[Service: Add Auto Header]]></Obj>
<Details plainTxt="False" ><![CDATA[<CENTER>Add the following header to all subsequent HTTP requests :<BR><STRONG><FONT COLOR=#00AF00>Accept-Language: en-US,en;q=0.5</FONT></STRONG></CENTER>]]></Details>
<Time><![CDATA[7/31/2024 - 11:47:24]]></Time>
<TimeTick>1722426444</TimeTick>
<NodeArgs eType="General" icon="5" nRep="106" >
<Disp><![CDATA[Service: Add Auto Header]]></Disp>
</NodeArgs>
</Step>
<Step rID="T91">
<Obj plainTxt="False" ><![CDATA[Url: banking]]></Obj>
<Details plainTxt="False" ><![CDATA[<CENTER><STRONG><FONT COLOR=#009A63>Step completed successfully</FONT></STRONG></CENTER>]]></Details>
<Time><![CDATA[7/31/2024 - 11:47:24]]></Time>
<TimeTick>1722426444</TimeTick>
<NodeArgs eType="General" icon="6" nRep="107" status="Passed" >
<Disp><![CDATA[Url: banking]]></Disp>
<BtmPane vType="HTMLSNSH" >
<Path><![CDATA[\Iteration7\t1.inf]]></Path>
</BtmPane>
</NodeArgs>
</Step>
<Step rID="T92">
<Obj plainTxt="False" ><![CDATA[Service: WebSocket Send]]></Obj>
<Details plainTxt="False" ><![CDATA[<CENTER><FONT COLOR=#FF0031>Step creation failed</CENTER>]]></Details>
<Time><![CDATA[7/31/2024 - 11:47:24]]></Time>
<TimeTick>1722426444</TimeTick>
<NodeArgs eType="General" icon="4" nRep="108" status="Passed" >
<Disp><![CDATA[Service: WebSocket Send]]></Disp>
</NodeArgs>
</Step>
<Step rID="T93">
<Obj plainTxt="False" ><![CDATA[Service: Reg Save Param]]></Obj>
<Details plainTxt="False" ><![CDATA[<CENTER>ParamName =<STRONG><FONT COLOR=#00AF00>C_State</FONT></STRONG><BR>Left Boundary = <STRONG><FONT COLOR=#00AF00>LB=option value="</FONT></STRONG><BR>Right Boundary = <STRONG><FONT COLOR=#00AF00>RB="></FONT></STRONG><BR>Instance = <STRONG><FONT COLOR=#00AF00>ORD=ALL</FONT></STRONG></CENTER>]]></Details>
<Time><![CDATA[7/31/2024 - 11:47:24]]></Time>
<TimeTick>1722426444</TimeTick>
<NodeArgs eType="General" icon="7" nRep="109" >
<Disp><![CDATA[Service: Reg Save Param]]></Disp>
</NodeArgs>
</Step>
<Step rID="T94">
<Obj plainTxt="False" ><![CDATA[Service: Reg Save Param]]></Obj>
<Details plainTxt="False" ><![CDATA[<CENTER>ParamName =<STRONG><FONT COLOR=#00AF00>C_City</FONT></STRONG><BR>Left Boundary = <STRONG><FONT COLOR=#00AF00>LB=option value="</FONT></STRONG><BR>Right Boundary = <STRONG><FONT COLOR=#00AF00>RB="></FONT></STRONG><BR>Instance = <STRONG><FONT COLOR=#00AF00>ORD=ALL</FONT></STRONG></CENTER>]]></Details>
<Time><![CDATA[7/31/2024 - 11:47:24]]></Time>
<TimeTick>1722426444</TimeTick>
<NodeArgs eType="General" icon="7" nRep="110" >
<Disp><![CDATA[Service: Reg Save Param]]></Disp>
</NodeArgs>
</Step>
<Step rID="T95">
<Obj plainTxt="False" ><![CDATA[Url: Open Account]]></Obj>
<Details plainTxt="False" ><![CDATA[<CENTER><STRONG><FONT COLOR=#009A63>Step completed successfully</FONT></STRONG></CENTER>]]></Details>
<Time><![CDATA[7/31/2024 - 11:47:24]]></Time>
<TimeTick>1722426444</TimeTick>
<NodeArgs eType="General" icon="6" nRep="111" status="Passed" >
<Disp><![CDATA[Url: Open Account]]></Disp>
<BtmPane vType="HTMLSNSH" >
<Path><![CDATA[\Iteration7\t2.inf]]></Path>
</BtmPane>
</NodeArgs>
</Step>
<Step rID="T96">
<Obj plainTxt="False" ><![CDATA[Submit Data: customer_reg_form.php]]></Obj>
<Details plainTxt="False" ><![CDATA[<CENTER><STRONG><FONT COLOR=#009A63>Step completed successfully</FONT></STRONG></CENTER>]]></Details>
<Time><![CDATA[7/31/2024 - 11:47:24]]></Time>
<TimeTick>1722426444</TimeTick>
<NodeArgs eType="General" icon="8" nRep="112" status="Passed" >
<Disp><![CDATA[Submit Data: customer_reg_form.php]]></Disp>
<BtmPane vType="HTMLSNSH" >
<Path><![CDATA[\Iteration7\t3.inf]]></Path>
</BtmPane>
</NodeArgs>
</Step>
<Step rID="T97">
<Obj plainTxt="False" ><![CDATA[Service: Set Max Html Param Len]]></Obj>
<Details plainTxt="False" ><![CDATA[<CENTER>Maximum length of a HTML string that can be retrieved and saved set to <STRONG><FONT COLOR=#00AF00>200000</FONT></STRONG> characters</CENTER>]]></Details>
<Time><![CDATA[7/31/2024 - 11:47:24]]></Time>
<TimeTick>1722426444</TimeTick>
<NodeArgs eType="General" icon="9" nRep="113" >
<Disp><![CDATA[Service: Set Max Html Param Len]]></Disp>
</NodeArgs>
</Step>
<Step rID="T98">
<Obj plainTxt="False" ><![CDATA[Service: Reg Save Param]]></Obj>
<Details plainTxt="False" ><![CDATA[<CENTER>ParamName =<STRONG><FONT COLOR=#00AF00>C_ApplicationNumber</FONT></STRONG><BR>Left Boundary = <STRONG><FONT COLOR=#00AF00>LB=Application number : </FONT></STRONG><BR>Right Boundary = <STRONG><FONT COLOR=#00AF00>RB=\</FONT></STRONG><BR>Instance = <STRONG><FONT COLOR=#00AF00></FONT></STRONG></CENTER>]]></Details>
<Time><![CDATA[7/31/2024 - 11:47:24]]></Time>
<TimeTick>1722426444</TimeTick>
<NodeArgs eType="General" icon="7" nRep="114" >
<Disp><![CDATA[Service: Reg Save Param]]></Disp>
</NodeArgs>
</Step>
<Step rID="T99">
<Obj plainTxt="False" ><![CDATA[Submit Data: cust_regfrm_confirm.php]]></Obj>
<Details plainTxt="False" ><![CDATA[<CENTER><STRONG><FONT COLOR=#009A63>Step completed successfully</FONT></STRONG></CENTER>]]></Details>
<Time><![CDATA[7/31/2024 - 11:47:24]]></Time>
<TimeTick>1722426444</TimeTick>
<NodeArgs eType="General" icon="8" nRep="115" status="Passed" >
<Disp><![CDATA[Submit Data: cust_regfrm_confirm.php]]></Disp>
<BtmPane vType="HTMLSNSH" >
<Path><![CDATA[\Iteration7\t4.inf]]></Path>
</BtmPane>
</NodeArgs>
</Step>
<Step rID="T100">
<Obj plainTxt="False" ><![CDATA[Url: Home]]></Obj>
<Details plainTxt="False" ><![CDATA[<CENTER><STRONG><FONT COLOR=#009A63>Step completed successfully</FONT></STRONG></CENTER>]]></Details>
<Time><![CDATA[7/31/2024 - 11:47:24]]></Time>
<TimeTick>1722426444</TimeTick>
<NodeArgs eType="General" icon="6" nRep="116" status="Passed" >
<Disp><![CDATA[Url: Home]]></Disp>
<BtmPane vType="HTMLSNSH" >
<Path><![CDATA[\Iteration7\t5.inf]]></Path>
</BtmPane>
</NodeArgs>
</Step>
<Summary sTime="7/31/2024 - 11:47:24" eTime="7/31/2024 - 11:47:24" passed="6" failed="0" warnings="0" ></Summary>
<NodeArgs eType="StartAction" icon="2" nRep="104" status="Passed" >
<Disp><![CDATA[Action Summary]]></Disp>
</NodeArgs>
</Action>
<NodeArgs eType="StartIteration" icon="3" nRep="103" status="Passed" >
<Disp><![CDATA[Final_Assessment1 Iteration 7 (Row 7)]]></Disp>
</NodeArgs>
</DIter>
<DIter rID="T101" iterID="8" >
<Action rID="T102">
<AName><![CDATA[Action]]></AName>
<Step rID="T103">
<Obj plainTxt="False" ><![CDATA[Service: Set Sockets Option]]></Obj>
<Details plainTxt="False" ><![CDATA[<CENTER>Set socket option <STRONG><FONT COLOR=#00AF00>SSL_VERSION</FONT></STRONG> with value <STRONG><FONT COLOR=#00AF00>AUTO</FONT></STRONG></CENTER>]]></Details>
<Time><![CDATA[7/31/2024 - 11:47:24]]></Time>
<TimeTick>1722426444</TimeTick>
<NodeArgs eType="General" icon="4" nRep="121" >
<Disp><![CDATA[Service: Set Sockets Option]]></Disp>
</NodeArgs>
</Step>
<Step rID="T104">
<Obj plainTxt="False" ><![CDATA[Service: Add Auto Header]]></Obj>
<Details plainTxt="False" ><![CDATA[<CENTER>Add the following header to all subsequent HTTP requests :<BR><STRONG><FONT COLOR=#00AF00>Accept-Language: en-US,en;q=0.5</FONT></STRONG></CENTER>]]></Details>
<Time><![CDATA[7/31/2024 - 11:47:24]]></Time>
<TimeTick>1722426444</TimeTick>
<NodeArgs eType="General" icon="5" nRep="122" >
<Disp><![CDATA[Service: Add Auto Header]]></Disp>
</NodeArgs>
</Step>
<Step rID="T105">
<Obj plainTxt="False" ><![CDATA[Url: banking]]></Obj>
<Details plainTxt="False" ><![CDATA[<CENTER><STRONG><FONT COLOR=#009A63>Step completed successfully</FONT></STRONG></CENTER>]]></Details>
<Time><![CDATA[7/31/2024 - 11:47:24]]></Time>
<TimeTick>1722426444</TimeTick>
<NodeArgs eType="General" icon="6" nRep="123" status="Passed" >
<Disp><![CDATA[Url: banking]]></Disp>
<BtmPane vType="HTMLSNSH" >
<Path><![CDATA[\Iteration8\t1.inf]]></Path>
</BtmPane>
</NodeArgs>
</Step>
<Step rID="T106">
<Obj plainTxt="False" ><![CDATA[Service: WebSocket Send]]></Obj>
<Details plainTxt="False" ><![CDATA[<CENTER><FONT COLOR=#FF0031>Step creation failed</CENTER>]]></Details>
<Time><![CDATA[7/31/2024 - 11:47:24]]></Time>
<TimeTick>1722426444</TimeTick>
<NodeArgs eType="General" icon="4" nRep="124" status="Passed" >
<Disp><![CDATA[Service: WebSocket Send]]></Disp>
</NodeArgs>
</Step>
<Step rID="T107">
<Obj plainTxt="False" ><![CDATA[Service: Reg Save Param]]></Obj>
<Details plainTxt="False" ><![CDATA[<CENTER>ParamName =<STRONG><FONT COLOR=#00AF00>C_State</FONT></STRONG><BR>Left Boundary = <STRONG><FONT COLOR=#00AF00>LB=option value="</FONT></STRONG><BR>Right Boundary = <STRONG><FONT COLOR=#00AF00>RB="></FONT></STRONG><BR>Instance = <STRONG><FONT COLOR=#00AF00>ORD=ALL</FONT></STRONG></CENTER>]]></Details>
<Time><![CDATA[7/31/2024 - 11:47:24]]></Time>
<TimeTick>1722426444</TimeTick>
<NodeArgs eType="General" icon="7" nRep="125" >
<Disp><![CDATA[Service: Reg Save Param]]></Disp>
</NodeArgs>
</Step>
<Step rID="T108">
<Obj plainTxt="False" ><![CDATA[Service: Reg Save Param]]></Obj>
<Details plainTxt="False" ><![CDATA[<CENTER>ParamName =<STRONG><FONT COLOR=#00AF00>C_City</FONT></STRONG><BR>Left Boundary = <STRONG><FONT COLOR=#00AF00>LB=option value="</FONT></STRONG><BR>Right Boundary = <STRONG><FONT COLOR=#00AF00>RB="></FONT></STRONG><BR>Instance = <STRONG><FONT COLOR=#00AF00>ORD=ALL</FONT></STRONG></CENTER>]]></Details>
<Time><![CDATA[7/31/2024 - 11:47:24]]></Time>
<TimeTick>1722426444</TimeTick>
<NodeArgs eType="General" icon="7" nRep="126" >
<Disp><![CDATA[Service: Reg Save Param]]></Disp>
</NodeArgs>
</Step>
<Step rID="T109">
<Obj plainTxt="False" ><![CDATA[Url: Open Account]]></Obj>
<Details plainTxt="False" ><![CDATA[<CENTER><STRONG><FONT COLOR=#009A63>Step completed successfully</FONT></STRONG></CENTER>]]></Details>
<Time><![CDATA[7/31/2024 - 11:47:24]]></Time>
<TimeTick>1722426444</TimeTick>
<NodeArgs eType="General" icon="6" nRep="127" status="Passed" >
<Disp><![CDATA[Url: Open Account]]></Disp>
<BtmPane vType="HTMLSNSH" >
<Path><![CDATA[\Iteration8\t2.inf]]></Path>
</BtmPane>
</NodeArgs>
</Step>
<Step rID="T110">
<Obj plainTxt="False" ><![CDATA[Submit Data: customer_reg_form.php]]></Obj>
<Details plainTxt="False" ><![CDATA[<CENTER><STRONG><FONT COLOR=#009A63>Step completed successfully</FONT></STRONG></CENTER>]]></Details>
<Time><![CDATA[7/31/2024 - 11:47:24]]></Time>
<TimeTick>1722426444</TimeTick>
<NodeArgs eType="General" icon="8" nRep="128" status="Passed" >
<Disp><![CDATA[Submit Data: customer_reg_form.php]]></Disp>
<BtmPane vType="HTMLSNSH" >
<Path><![CDATA[\Iteration8\t3.inf]]></Path>
</BtmPane>
</NodeArgs>
</Step>
<Step rID="T111">
<Obj plainTxt="False" ><![CDATA[Service: Set Max Html Param Len]]></Obj>
<Details plainTxt="False" ><![CDATA[<CENTER>Maximum length of a HTML string that can be retrieved and saved set to <STRONG><FONT COLOR=#00AF00>200000</FONT></STRONG> characters</CENTER>]]></Details>
<Time><![CDATA[7/31/2024 - 11:47:24]]></Time>
<TimeTick>1722426444</TimeTick>
<NodeArgs eType="General" icon="9" nRep="129" >
<Disp><![CDATA[Service: Set Max Html Param Len]]></Disp>
</NodeArgs>
</Step>
<Step rID="T112">
<Obj plainTxt="False" ><![CDATA[Service: Reg Save Param]]></Obj>
<Details plainTxt="False" ><![CDATA[<CENTER>ParamName =<STRONG><FONT COLOR=#00AF00>C_ApplicationNumber</FONT></STRONG><BR>Left Boundary = <STRONG><FONT COLOR=#00AF00>LB=Application number : </FONT></STRONG><BR>Right Boundary = <STRONG><FONT COLOR=#00AF00>RB=\</FONT></STRONG><BR>Instance = <STRONG><FONT COLOR=#00AF00></FONT></STRONG></CENTER>]]></Details>
<Time><![CDATA[7/31/2024 - 11:47:24]]></Time>
<TimeTick>1722426444</TimeTick>
<NodeArgs eType="General" icon="7" nRep="130" >
<Disp><![CDATA[Service: Reg Save Param]]></Disp>
</NodeArgs>
</Step>
<Step rID="T113">
<Obj plainTxt="False" ><![CDATA[Submit Data: cust_regfrm_confirm.php]]></Obj>
<Details plainTxt="False" ><![CDATA[<CENTER><STRONG><FONT COLOR=#009A63>Step completed successfully</FONT></STRONG></CENTER>]]></Details>
<Time><![CDATA[7/31/2024 - 11:47:25]]></Time>
<TimeTick>1722426445</TimeTick>
<NodeArgs eType="General" icon="8" nRep="131" status="Passed" >
<Disp><![CDATA[Submit Data: cust_regfrm_confirm.php]]></Disp>
<BtmPane vType="HTMLSNSH" >
<Path><![CDATA[\Iteration8\t4.inf]]></Path>
</BtmPane>
</NodeArgs>
</Step>
<Step rID="T114">
<Obj plainTxt="False" ><![CDATA[Url: Home]]></Obj>
<Details plainTxt="False" ><![CDATA[<CENTER><STRONG><FONT COLOR=#009A63>Step completed successfully</FONT></STRONG></CENTER>]]></Details>
<Time><![CDATA[7/31/2024 - 11:47:25]]></Time>
<TimeTick>1722426445</TimeTick>
<NodeArgs eType="General" icon="6" nRep="132" status="Passed" >
<Disp><![CDATA[Url: Home]]></Disp>
<BtmPane vType="HTMLSNSH" >
<Path><![CDATA[\Iteration8\t5.inf]]></Path>
</BtmPane>
</NodeArgs>
</Step>
<Summary sTime="7/31/2024 - 11:47:24" eTime="7/31/2024 - 11:47:25" passed="6" failed="0" warnings="0" ></Summary>
<NodeArgs eType="StartAction" icon="2" nRep="120" status="Passed" >
<Disp><![CDATA[Action Summary]]></Disp>
</NodeArgs>
</Action>
<NodeArgs eType="StartIteration" icon="3" nRep="119" status="Passed" >
<Disp><![CDATA[Final_Assessment1 Iteration 8 (Row 8)]]></Disp>
</NodeArgs>
</DIter>
<DIter rID="T115" iterID="9" >
<Action rID="T116">
<AName><![CDATA[Action]]></AName>
<Step rID="T117">
<Obj plainTxt="False" ><![CDATA[Service: Set Sockets Option]]></Obj>
<Details plainTxt="False" ><![CDATA[<CENTER>Set socket option <STRONG><FONT COLOR=#00AF00>SSL_VERSION</FONT></STRONG> with value <STRONG><FONT COLOR=#00AF00>AUTO</FONT></STRONG></CENTER>]]></Details>
<Time><![CDATA[7/31/2024 - 11:47:25]]></Time>
<TimeTick>1722426445</TimeTick>
<NodeArgs eType="General" icon="4" nRep="137" >
<Disp><![CDATA[Service: Set Sockets Option]]></Disp>
</NodeArgs>
</Step>
<Step rID="T118">
<Obj plainTxt="False" ><![CDATA[Service: Add Auto Header]]></Obj>
<Details plainTxt="False" ><![CDATA[<CENTER>Add the following header to all subsequent HTTP requests :<BR><STRONG><FONT COLOR=#00AF00>Accept-Language: en-US,en;q=0.5</FONT></STRONG></CENTER>]]></Details>
<Time><![CDATA[7/31/2024 - 11:47:25]]></Time>
<TimeTick>1722426445</TimeTick>
<NodeArgs eType="General" icon="5" nRep="138" >
<Disp><![CDATA[Service: Add Auto Header]]></Disp>
</NodeArgs>
</Step>
<Step rID="T119">
<Obj plainTxt="False" ><![CDATA[Url: banking]]></Obj>
<Details plainTxt="False" ><![CDATA[<CENTER><STRONG><FONT COLOR=#009A63>Step completed successfully</FONT></STRONG></CENTER>]]></Details>
<Time><![CDATA[7/31/2024 - 11:47:25]]></Time>
<TimeTick>1722426445</TimeTick>
<NodeArgs eType="General" icon="6" nRep="139" status="Passed" >
<Disp><![CDATA[Url: banking]]></Disp>
<BtmPane vType="HTMLSNSH" >
<Path><![CDATA[\Iteration9\t1.inf]]></Path>
</BtmPane>
</NodeArgs>
</Step>
<Step rID="T120">
<Obj plainTxt="False" ><![CDATA[Service: WebSocket Send]]></Obj>
<Details plainTxt="False" ><![CDATA[<CENTER><FONT COLOR=#FF0031>Step creation failed</CENTER>]]></Details>
<Time><![CDATA[7/31/2024 - 11:47:25]]></Time>
<TimeTick>1722426445</TimeTick>
<NodeArgs eType="General" icon="4" nRep="140" status="Passed" >
<Disp><![CDATA[Service: WebSocket Send]]></Disp>
</NodeArgs>
</Step>
<Step rID="T121">
<Obj plainTxt="False" ><![CDATA[Service: Reg Save Param]]></Obj>
<Details plainTxt="False" ><![CDATA[<CENTER>ParamName =<STRONG><FONT COLOR=#00AF00>C_State</FONT></STRONG><BR>Left Boundary = <STRONG><FONT COLOR=#00AF00>LB=option value="</FONT></STRONG><BR>Right Boundary = <STRONG><FONT COLOR=#00AF00>RB="></FONT></STRONG><BR>Instance = <STRONG><FONT COLOR=#00AF00>ORD=ALL</FONT></STRONG></CENTER>]]></Details>
<Time><![CDATA[7/31/2024 - 11:47:25]]></Time>
<TimeTick>1722426445</TimeTick>
<NodeArgs eType="General" icon="7" nRep="141" >
<Disp><![CDATA[Service: Reg Save Param]]></Disp>
</NodeArgs>
</Step>
<Step rID="T122">
<Obj plainTxt="False" ><![CDATA[Service: Reg Save Param]]></Obj>
<Details plainTxt="False" ><![CDATA[<CENTER>ParamName =<STRONG><FONT COLOR=#00AF00>C_City</FONT></STRONG><BR>Left Boundary = <STRONG><FONT COLOR=#00AF00>LB=option value="</FONT></STRONG><BR>Right Boundary = <STRONG><FONT COLOR=#00AF00>RB="></FONT></STRONG><BR>Instance = <STRONG><FONT COLOR=#00AF00>ORD=ALL</FONT></STRONG></CENTER>]]></Details>
<Time><![CDATA[7/31/2024 - 11:47:25]]></Time>
<TimeTick>1722426445</TimeTick>
<NodeArgs eType="General" icon="7" nRep="142" >
<Disp><![CDATA[Service: Reg Save Param]]></Disp>
</NodeArgs>
</Step>
<Step rID="T123">
<Obj plainTxt="False" ><![CDATA[Url: Open Account]]></Obj>
<Details plainTxt="False" ><![CDATA[<CENTER><STRONG><FONT COLOR=#009A63>Step completed successfully</FONT></STRONG></CENTER>]]></Details>
<Time><![CDATA[7/31/2024 - 11:47:25]]></Time>
<TimeTick>1722426445</TimeTick>
<NodeArgs eType="General" icon="6" nRep="143" status="Passed" >
<Disp><![CDATA[Url: Open Account]]></Disp>
<BtmPane vType="HTMLSNSH" >
<Path><![CDATA[\Iteration9\t2.inf]]></Path>
</BtmPane>
</NodeArgs>
</Step>
<Step rID="T124">
<Obj plainTxt="False" ><![CDATA[Submit Data: customer_reg_form.php]]></Obj>
<Details plainTxt="False" ><![CDATA[<CENTER><STRONG><FONT COLOR=#009A63>Step completed successfully</FONT></STRONG></CENTER>]]></Details>
<Time><![CDATA[7/31/2024 - 11:47:25]]></Time>
<TimeTick>1722426445</TimeTick>
<NodeArgs eType="General" icon="8" nRep="144" status="Passed" >
<Disp><![CDATA[Submit Data: customer_reg_form.php]]></Disp>
<BtmPane vType="HTMLSNSH" >
<Path><![CDATA[\Iteration9\t3.inf]]></Path>
</BtmPane>
</NodeArgs>
</Step>
<Step rID="T125">
<Obj plainTxt="False" ><![CDATA[Service: Set Max Html Param Len]]></Obj>
<Details plainTxt="False" ><![CDATA[<CENTER>Maximum length of a HTML string that can be retrieved and saved set to <STRONG><FONT COLOR=#00AF00>200000</FONT></STRONG> characters</CENTER>]]></Details>
<Time><![CDATA[7/31/2024 - 11:47:25]]></Time>
<TimeTick>1722426445</TimeTick>
<NodeArgs eType="General" icon="9" nRep="145" >
<Disp><![CDATA[Service: Set Max Html Param Len]]></Disp>
</NodeArgs>
</Step>
<Step rID="T126">
<Obj plainTxt="False" ><![CDATA[Service: Reg Save Param]]></Obj>
<Details plainTxt="False" ><![CDATA[<CENTER>ParamName =<STRONG><FONT COLOR=#00AF00>C_ApplicationNumber</FONT></STRONG><BR>Left Boundary = <STRONG><FONT COLOR=#00AF00>LB=Application number : </FONT></STRONG><BR>Right Boundary = <STRONG><FONT COLOR=#00AF00>RB=\</FONT></STRONG><BR>Instance = <STRONG><FONT COLOR=#00AF00></FONT></STRONG></CENTER>]]></Details>
<Time><![CDATA[7/31/2024 - 11:47:25]]></Time>
<TimeTick>1722426445</TimeTick>
<NodeArgs eType="General" icon="7" nRep="146" >
<Disp><![CDATA[Service: Reg Save Param]]></Disp>
</NodeArgs>
</Step>
<Step rID="T127">
<Obj plainTxt="False" ><![CDATA[Submit Data: cust_regfrm_confirm.php]]></Obj>
<Details plainTxt="False" ><![CDATA[<CENTER><STRONG><FONT COLOR=#009A63>Step completed successfully</FONT></STRONG></CENTER>]]></Details>
<Time><![CDATA[7/31/2024 - 11:47:25]]></Time>
<TimeTick>1722426445</TimeTick>
<NodeArgs eType="General" icon="8" nRep="147" status="Passed" >
<Disp><![CDATA[Submit Data: cust_regfrm_confirm.php]]></Disp>
<BtmPane vType="HTMLSNSH" >
<Path><![CDATA[\Iteration9\t4.inf]]></Path>
</BtmPane>
</NodeArgs>
</Step>
<Step rID="T128">
<Obj plainTxt="False" ><![CDATA[Url: Home]]></Obj>
<Details plainTxt="False" ><![CDATA[<CENTER><STRONG><FONT COLOR=#009A63>Step completed successfully</FONT></STRONG></CENTER>]]></Details>
<Time><![CDATA[7/31/2024 - 11:47:25]]></Time>
<TimeTick>1722426445</TimeTick>
<NodeArgs eType="General" icon="6" nRep="148" status="Passed" >
<Disp><![CDATA[Url: Home]]></Disp>
<BtmPane vType="HTMLSNSH" >
<Path><![CDATA[\Iteration9\t5.inf]]></Path>
</BtmPane>
</NodeArgs>
</Step>
<Summary sTime="7/31/2024 - 11:47:25" eTime="7/31/2024 - 11:47:25" passed="6" failed="0" warnings="0" ></Summary>
<NodeArgs eType="StartAction" icon="2" nRep="136" status="Passed" >
<Disp><![CDATA[Action Summary]]></Disp>
</NodeArgs>
</Action>
<NodeArgs eType="StartIteration" icon="3" nRep="135" status="Passed" >
<Disp><![CDATA[Final_Assessment1 Iteration 9 (Row 9)]]></Disp>
</NodeArgs>
</DIter>
<DIter rID="T129" iterID="10" >
<Action rID="T130">
<AName><![CDATA[Action]]></AName>
<Step rID="T131">
<Obj plainTxt="False" ><![CDATA[Service: Set Sockets Option]]></Obj>
<Details plainTxt="False" ><![CDATA[<CENTER>Set socket option <STRONG><FONT COLOR=#00AF00>SSL_VERSION</FONT></STRONG> with value <STRONG><FONT COLOR=#00AF00>AUTO</FONT></STRONG></CENTER>]]></Details>
<Time><![CDATA[7/31/2024 - 11:47:25]]></Time>
<TimeTick>1722426445</TimeTick>
<NodeArgs eType="General" icon="4" nRep="153" >
<Disp><![CDATA[Service: Set Sockets Option]]></Disp>
</NodeArgs>
</Step>
<Step rID="T132">
<Obj plainTxt="False" ><![CDATA[Service: Add Auto Header]]></Obj>
<Details plainTxt="False" ><![CDATA[<CENTER>Add the following header to all subsequent HTTP requests :<BR><STRONG><FONT COLOR=#00AF00>Accept-Language: en-US,en;q=0.5</FONT></STRONG></CENTER>]]></Details>
<Time><![CDATA[7/31/2024 - 11:47:25]]></Time>
<TimeTick>1722426445</TimeTick>
<NodeArgs eType="General" icon="5" nRep="154" >
<Disp><![CDATA[Service: Add Auto Header]]></Disp>
</NodeArgs>
</Step>
<Step rID="T133">
<Obj plainTxt="False" ><![CDATA[Url: banking]]></Obj>
<Details plainTxt="False" ><![CDATA[<CENTER><STRONG><FONT COLOR=#009A63>Step completed successfully</FONT></STRONG></CENTER>]]></Details>
<Time><![CDATA[7/31/2024 - 11:47:25]]></Time>
<TimeTick>1722426445</TimeTick>
<NodeArgs eType="General" icon="6" nRep="155" status="Passed" >
<Disp><![CDATA[Url: banking]]></Disp>
<BtmPane vType="HTMLSNSH" >
<Path><![CDATA[\Iteration10\t1.inf]]></Path>
</BtmPane>
</NodeArgs>
</Step>
<Step rID="T134">
<Obj plainTxt="False" ><![CDATA[Service: WebSocket Send]]></Obj>
<Details plainTxt="False" ><![CDATA[<CENTER><FONT COLOR=#FF0031>Step creation failed</CENTER>]]></Details>
<Time><![CDATA[7/31/2024 - 11:47:25]]></Time>
<TimeTick>1722426445</TimeTick>
<NodeArgs eType="General" icon="4" nRep="156" status="Passed" >
<Disp><![CDATA[Service: WebSocket Send]]></Disp>
</NodeArgs>
</Step>
<Step rID="T135">
<Obj plainTxt="False" ><![CDATA[Service: Reg Save Param]]></Obj>
<Details plainTxt="False" ><![CDATA[<CENTER>ParamName =<STRONG><FONT COLOR=#00AF00>C_State</FONT></STRONG><BR>Left Boundary = <STRONG><FONT COLOR=#00AF00>LB=option value="</FONT></STRONG><BR>Right Boundary = <STRONG><FONT COLOR=#00AF00>RB="></FONT></STRONG><BR>Instance = <STRONG><FONT COLOR=#00AF00>ORD=ALL</FONT></STRONG></CENTER>]]></Details>
<Time><![CDATA[7/31/2024 - 11:47:25]]></Time>
<TimeTick>1722426445</TimeTick>
<NodeArgs eType="General" icon="7" nRep="157" >
<Disp><![CDATA[Service: Reg Save Param]]></Disp>
</NodeArgs>
</Step>
<Step rID="T136">
<Obj plainTxt="False" ><![CDATA[Service: Reg Save Param]]></Obj>
<Details plainTxt="False" ><![CDATA[<CENTER>ParamName =<STRONG><FONT COLOR=#00AF00>C_City</FONT></STRONG><BR>Left Boundary = <STRONG><FONT COLOR=#00AF00>LB=option value="</FONT></STRONG><BR>Right Boundary = <STRONG><FONT COLOR=#00AF00>RB="></FONT></STRONG><BR>Instance = <STRONG><FONT COLOR=#00AF00>ORD=ALL</FONT></STRONG></CENTER>]]></Details>
<Time><![CDATA[7/31/2024 - 11:47:25]]></Time>
<TimeTick>1722426445</TimeTick>
<NodeArgs eType="General" icon="7" nRep="158" >
<Disp><![CDATA[Service: Reg Save Param]]></Disp>
</NodeArgs>
</Step>
<Step rID="T137">
<Obj plainTxt="False" ><![CDATA[Url: Open Account]]></Obj>
<Details plainTxt="False" ><![CDATA[<CENTER><STRONG><FONT COLOR=#009A63>Step completed successfully</FONT></STRONG></CENTER>]]></Details>
<Time><![CDATA[7/31/2024 - 11:47:25]]></Time>
<TimeTick>1722426445</TimeTick>
<NodeArgs eType="General" icon="6" nRep="159" status="Passed" >
<Disp><![CDATA[Url: Open Account]]></Disp>
<BtmPane vType="HTMLSNSH" >
<Path><![CDATA[\Iteration10\t2.inf]]></Path>
</BtmPane>
</NodeArgs>
</Step>
<Step rID="T138">
<Obj plainTxt="False" ><![CDATA[Submit Data: customer_reg_form.php]]></Obj>
<Details plainTxt="False" ><![CDATA[<CENTER><STRONG><FONT COLOR=#009A63>Step completed successfully</FONT></STRONG></CENTER>]]></Details>
<Time><![CDATA[7/31/2024 - 11:47:25]]></Time>
<TimeTick>1722426445</TimeTick>
<NodeArgs eType="General" icon="8" nRep="160" status="Passed" >
<Disp><![CDATA[Submit Data: customer_reg_form.php]]></Disp>
<BtmPane vType="HTMLSNSH" >
<Path><![CDATA[\Iteration10\t3.inf]]></Path>
</BtmPane>
</NodeArgs>
</Step>
<Step rID="T139">
<Obj plainTxt="False" ><![CDATA[Service: Set Max Html Param Len]]></Obj>
<Details plainTxt="False" ><![CDATA[<CENTER>Maximum length of a HTML string that can be retrieved and saved set to <STRONG><FONT COLOR=#00AF00>200000</FONT></STRONG> characters</CENTER>]]></Details>
<Time><![CDATA[7/31/2024 - 11:47:25]]></Time>
<TimeTick>1722426445</TimeTick>
<NodeArgs eType="General" icon="9" nRep="161" >
<Disp><![CDATA[Service: Set Max Html Param Len]]></Disp>
</NodeArgs>
</Step>
<Step rID="T140">
<Obj plainTxt="False" ><![CDATA[Service: Reg Save Param]]></Obj>
<Details plainTxt="False" ><![CDATA[<CENTER>ParamName =<STRONG><FONT COLOR=#00AF00>C_ApplicationNumber</FONT></STRONG><BR>Left Boundary = <STRONG><FONT COLOR=#00AF00>LB=Application number : </FONT></STRONG><BR>Right Boundary = <STRONG><FONT COLOR=#00AF00>RB=\</FONT></STRONG><BR>Instance = <STRONG><FONT COLOR=#00AF00></FONT></STRONG></CENTER>]]></Details>
<Time><![CDATA[7/31/2024 - 11:47:25]]></Time>
<TimeTick>1722426445</TimeTick>
<NodeArgs eType="General" icon="7" nRep="162" >
<Disp><![CDATA[Service: Reg Save Param]]></Disp>
</NodeArgs>
</Step>
<Step rID="T141">
<Obj plainTxt="False" ><![CDATA[Submit Data: cust_regfrm_confirm.php]]></Obj>
<Details plainTxt="False" ><![CDATA[<CENTER><STRONG><FONT COLOR=#009A63>Step completed successfully</FONT></STRONG></CENTER>]]></Details>
<Time><![CDATA[7/31/2024 - 11:47:25]]></Time>
<TimeTick>1722426445</TimeTick>
<NodeArgs eType="General" icon="8" nRep="163" status="Passed" >
<Disp><![CDATA[Submit Data: cust_regfrm_confirm.php]]></Disp>
<BtmPane vType="HTMLSNSH" >
<Path><![CDATA[\Iteration10\t4.inf]]></Path>
</BtmPane>
</NodeArgs>
</Step>
<Step rID="T142">
<Obj plainTxt="False" ><![CDATA[Url: Home]]></Obj>
<Details plainTxt="False" ><![CDATA[<CENTER><STRONG><FONT COLOR=#009A63>Step completed successfully</FONT></STRONG></CENTER>]]></Details>
<Time><![CDATA[7/31/2024 - 11:47:26]]></Time>
<TimeTick>1722426446</TimeTick>
<NodeArgs eType="General" icon="6" nRep="164" status="Passed" >
<Disp><![CDATA[Url: Home]]></Disp>
<BtmPane vType="HTMLSNSH" >
<Path><![CDATA[\Iteration10\t5.inf]]></Path>
</BtmPane>
</NodeArgs>
</Step>
<Summary sTime="7/31/2024 - 11:47:25" eTime="7/31/2024 - 11:47:26" passed="6" failed="0" warnings="0" ></Summary>
<NodeArgs eType="StartAction" icon="2" nRep="152" status="Passed" >
<Disp><![CDATA[Action Summary]]></Disp>
</NodeArgs>
</Action>
<NodeArgs eType="StartIteration" icon="3" nRep="151" status="Passed" >
<Disp><![CDATA[Final_Assessment1 Iteration 10 (Row 10)]]></Disp>
</NodeArgs>
</DIter>
<Action rID="T143">
<AName><![CDATA[vuser_end]]></AName>
<Summary sTime="7/31/2024 - 11:47:26" eTime="7/31/2024 - 11:47:26" passed="0" failed="0" warnings="0" ></Summary>
<NodeArgs eType="StartAction" icon="2" nRep="167" >
<Disp><![CDATA[vuser_end Summary]]></Disp>
</NodeArgs>
</Action>
<Summary sTime="7/31/2024 - 11:47:22" eTime="7/31/2024 - 11:47:26" passed="60" failed="0" warnings="0" ></Summary>
<NodeArgs eType="StartTest" icon="1" nRep="4" status="Passed" >
<Disp><![CDATA[Test Final_Assessment1 Summary]]></Disp>
</NodeArgs>
</Doc>
</Report>