﻿<?xml version="1.0"?>
<!DOCTYPE Report
[
<!ELEMENT Report (General ,(Doc|BPT)) >
<!ATTLIST Report ver CDATA #REQUIRED tmZone CDATA #REQUIRED>

<!ELEMENT General ( DocLocation ) >
<!ATTLIST General productName CDATA #REQUIRED productVer CDATA #REQUIRED os CDATA #REQUIRED host CDATA #REQUIRED qcserver CDATA #IMPLIED qcproject CDATA #IMPLIED SolManSolutionId CDATA #IMPLIED SolManProjectId CDATA #IMPLIED SolManTestPlanId CDATA #IMPLIED SolManTestPackageId CDATA #IMPLIED SolManUserInfoData CDATA #IMPLIED  >

<!ELEMENT BPT (DName,Res,DVer?,TSet?,TInst?,NodeArgs,AdditionalInfo*,Doc*) >
<!ATTLIST BPT rID ID #REQUIRED >

<!ELEMENT Doc (DName,ConfName?,Res,DVer?,TSet?,TInst?,RunType?,DT?,AdditionalInfo*,Step*,DIter*,Step*,Action*,Doc*,Summary?,TestMaintenanceSummary*,NodeArgs?) >
<!ATTLIST Doc rID ID #REQUIRED type (Test|BC|BPTWrapperTest|Flow|Group|Action) "Test" productName CDATA #REQUIRED BCIter CDATA #IMPLIED >

<!ELEMENT RunType ( #PCDATA )>
<!ATTLIST RunType fmStep (False|True) "False" batch (False|True) "False" upDesc (False|True) "False" upChk (False|True) "False" upAS (False|True) "False">

<!ELEMENT DName ( #PCDATA ) >

<!ELEMENT ConfName ( #PCDATA ) >

<!ELEMENT Res ( #PCDATA ) >

<!ELEMENT AdditionalInfo (AdditionalDataName,AdditionalDataValue ) >

<!ELEMENT AdditionalDataName ( #PCDATA ) >

<!ELEMENT AdditionalDataValue ( #PCDATA ) >

<!ELEMENT DVer ( #PCDATA ) >

<!ELEMENT TSet ( #PCDATA ) >

<!ELEMENT TInst ( #PCDATA ) >

<!ELEMENT DIter (Step*,Action+,Summary?,NodeArgs)>
<!ATTLIST DIter rID ID #REQUIRED iterID CDATA #REQUIRED>

<!ELEMENT DocLocation ( #PCDATA )>

<!ELEMENT Action (AName,AIter*,(Step|HtmlStep|Action)*, Summary,ActionMaintenanceSummary*, NodeArgs ) >
<!ATTLIST Action rID ID #REQUIRED>

<!ELEMENT AIter ((Step|HtmlStep|Action)*,DataMapping?, Summary?,NodeArgs) >
<!ATTLIST AIter rID ID #REQUIRED iterID CDATA #REQUIRED isCountable (False|True) "False" >

<!ELEMENT AName ( #PCDATA ) >

<!ELEMENT TestMaintenanceSummary (ActionMaintenanceSummary*) >
<!ATTLIST TestMaintenanceSummary ObjectsAdded CDATA #REQUIRED ObjectsUpdated CDATA #REQUIRED StepsUpdated CDATA #REQUIRED StepsComments CDATA #REQUIRED><!ELEMENT ActionMaintenanceSummary (ObjectChange* ) >
<!ATTLIST ActionMaintenanceSummary Action CDATA #REQUIRED Objects CDATA #REQUIRED Updated CDATA #REQUIRED LinesTotal CDATA #REQUIRED Added CDATA #REQUIRED LinesUpdated CDATA #REQUIRED>

<!ELEMENT ObjectChange  (Hierarchy, PropertyChangeList* ) >
<!ATTLIST ObjectChange Operation CDATA #IMPLIED OriginalRepository CDATA #IMPLIED>

<!ELEMENT PropertyChangeList (PropertyDef*) >

<!ELEMENT PropertyDef (OriginalValue, NewValue) >
<!ATTLIST PropertyDef PropName CDATA #REQUIRED OriginRegularExpression (True|False) "False" NewRegularExpression (True|False) "False" AddedProperty (True|False) "False" >

<!ELEMENT OriginalValue ( #PCDATA )>

<!ELEMENT NewValue ( #PCDATA )>

<!ELEMENT Hierarchy  (ObjectName, Hierarchy*) >
<!ATTLIST Hierarchy MicClass CDATA #REQUIRED>

<!ELEMENT ObjectName  ( #PCDATA ) >

<!ELEMENT Step (Obj,Details,Time,TimeTick* ,(Step|HtmlStep|Doc)*, DataMapping?, NodeArgs) >
<!ATTLIST Step rID ID #REQUIRED retval CDATA #IMPLIED>

<!ELEMENT HtmlStep (HTML,TimeTick*,(Step|HtmlStep|Doc)*,NodeArgs) >
<!ATTLIST HtmlStep rID ID #REQUIRED >

<!ELEMENT Obj ( #PCDATA ) >
<!ATTLIST Obj plainTxt (False|True) "True">

<!ELEMENT Details ( #PCDATA ) >
<!ATTLIST Details plainTxt (False|True) "True">

<!ELEMENT Time ( #PCDATA ) >

<!ELEMENT HTML ( #PCDATA ) >

<!ELEMENT Disp ( #PCDATA ) >

<!ELEMENT TimeTick ( #PCDATA ) >

<!ELEMENT DataMapping ( DataMappedItem* )>
<!ELEMENT DataMappedItem EMPTY >
<!ATTLIST DataMappedItem dsName CDATA #REQUIRED >
<!ATTLIST DataMappedItem rowId CDATA #REQUIRED >

<!ELEMENT NodeArgs (Disp,TopPane?,BtmPane?,ExtendedInfo? )>
<!ATTLIST NodeArgs eType CDATA #REQUIRED icon CDATA #REQUIRED nRep CDATA #REQUIRED UserNote CDATA #IMPLIED filter (False|True) "True">
<!ATTLIST NodeArgs status (Passed|Failed|Done|Warning|Information) "Done">
<!ATTLIST NodeArgs iconSel CDATA #IMPLIED nType CDATA #IMPLIED MovieMarker CDATA "">
<!ATTLIST NodeArgs Source CDATA #IMPLIED SourceLine CDATA #IMPLIED StepFlowItemKey CDATA #IMPLIED >

<!ELEMENT TopPane (Path)>

<!ELEMENT BtmPane ( (Path|WR)?,ASHilite?)>
<!ATTLIST BtmPane vType CDATA "HTML">

<!ELEMENT Path ( #PCDATA ) >

<!ELEMENT ASHilite ( #PCDATA ) >

<!ELEMENT WR ( #PCDATA ) >

<!ELEMENT ExtendedInfo ( StepData ) >

<!ATTLIST ExtendedInfo StepType CDATA #REQUIRED>
<!ELEMENT DT (NodeArgs) >
<!ATTLIST DT rID ID #REQUIRED>

<!ELEMENT Summary (Param*)>
<!ATTLIST Summary sTime CDATA #IMPLIED eTime CDATA #IMPLIED passed CDATA #IMPLIED failed CDATA #IMPLIED warnings CDATA #IMPLIED retval CDATA #IMPLIED stopped (False|True) "False" >

<!ELEMENT Param (ParamName,ParamVal)+ >
<!ATTLIST Param paramInOut (In|Out) "In">

<!ELEMENT ParamName ( #PCDATA ) >

<!ELEMENT ParamVal ( #PCDATA ) >

]
>
<Report ver="2.0" tmZone="Coordinated Universal Time">
<General productName="Vugen" productVer="2024" os="" host="SRV2022"><DocLocation><![CDATA[C:\Users\Administrator\Documents\VuGen\Scripts\Final_assessment2]]></DocLocation></General>
<Doc rID="T1"   productName= "Vugen"  >
<DName><![CDATA[Final_assessment2]]></DName>
<Res><![CDATA[result1]]></Res>
<Action rID="T2">
<AName><![CDATA[vuser_init]]></AName>
<Step rID="T3">
<Obj plainTxt="False" ><![CDATA[Url: banking]]></Obj>
<Details plainTxt="False" ><![CDATA[<CENTER><STRONG><FONT COLOR=#009A63>Step completed successfully</FONT></STRONG></CENTER>]]></Details>
<Time><![CDATA[7/31/2024 - 11:53:35]]></Time>
<TimeTick>1722426815</TimeTick>
<NodeArgs eType="General" icon="3" nRep="6" status="Passed" >
<Disp><![CDATA[Url: banking]]></Disp>
<BtmPane vType="HTMLSNSH" >
<Path><![CDATA[\Iteration1\t1.inf]]></Path>
</BtmPane>
</NodeArgs>
</Step>
<Step rID="T4">
<Obj plainTxt="False" ><![CDATA[Service: WebSocket Send]]></Obj>
<Details plainTxt="False" ><![CDATA[<CENTER><FONT COLOR=#FF0031>Step creation failed</CENTER>]]></Details>
<Time><![CDATA[7/31/2024 - 11:53:35]]></Time>
<TimeTick>1722426815</TimeTick>
<NodeArgs eType="General" icon="4" nRep="7" status="Passed" >
<Disp><![CDATA[Service: WebSocket Send]]></Disp>
</NodeArgs>
</Step>
<Step rID="T5">
<Obj plainTxt="False" ><![CDATA[Url: Staff Login]]></Obj>
<Details plainTxt="False" ><![CDATA[<CENTER><STRONG><FONT COLOR=#009A63>Step completed successfully</FONT></STRONG></CENTER>]]></Details>
<Time><![CDATA[7/31/2024 - 11:53:35]]></Time>
<TimeTick>1722426815</TimeTick>
<NodeArgs eType="General" icon="3" nRep="8" status="Passed" >
<Disp><![CDATA[Url: Staff Login]]></Disp>
<BtmPane vType="HTMLSNSH" >
<Path><![CDATA[\Iteration1\t2.inf]]></Path>
</BtmPane>
</NodeArgs>
</Step>
<Step rID="T6">
<Obj plainTxt="False" ><![CDATA[Service: Reg Find]]></Obj>
<Details plainTxt="False" ><![CDATA[<CENTER><STRONG><FONT COLOR=#00AF00>text=Staff Page</FONT></STRONG></CENTER>]]></Details>
<Time><![CDATA[7/31/2024 - 11:53:35]]></Time>
<TimeTick>1722426815</TimeTick>
<NodeArgs eType="General" icon="5" nRep="9" >
<Disp><![CDATA[Service: Reg Find]]></Disp>
</NodeArgs>
</Step>
<Step rID="T7">
<Obj plainTxt="False" ><![CDATA[Service: Reg Save Param RegExp]]></Obj>
<Details plainTxt="False" ><![CDATA[<CENTER>ParamName = <STRONG><FONT COLOR=#00AF00>approve_cust</FONT></STRONG><BR>RegExp = <STRONG><FONT COLOR=#00AF00>name="apprvac"\ value="(.*?)\ Pending\ Account</FONT></STRONG><BR>Instance = <STRONG><FONT COLOR=#00AF00>[param not passed in call]</FONT></STRONG></CENTER>]]></Details>
<Time><![CDATA[7/31/2024 - 11:53:35]]></Time>
<TimeTick>1722426815</TimeTick>
<NodeArgs eType="General" icon="6" nRep="10" >
<Disp><![CDATA[Service: Reg Save Param RegExp]]></Disp>
</NodeArgs>
</Step>
<Step rID="T8">
<Obj plainTxt="False" ><![CDATA[Submit Data: staff_login.php]]></Obj>
<Details plainTxt="False" ><![CDATA[<CENTER><STRONG><FONT COLOR=#009A63>Step completed successfully</FONT></STRONG></CENTER>]]></Details>
<Time><![CDATA[7/31/2024 - 11:53:35]]></Time>
<TimeTick>1722426815</TimeTick>
<NodeArgs eType="General" icon="7" nRep="11" status="Passed" >
<Disp><![CDATA[Submit Data: staff_login.php]]></Disp>
<BtmPane vType="HTMLSNSH" >
<Path><![CDATA[\Iteration1\t4.inf]]></Path>
</BtmPane>
</NodeArgs>
</Step>
<Summary sTime="7/31/2024 - 11:53:35" eTime="7/31/2024 - 11:53:35" passed="4" failed="0" warnings="0" ></Summary>
<NodeArgs eType="StartAction" icon="2" nRep="5" status="Passed" >
<Disp><![CDATA[vuser_init Summary]]></Disp>
</NodeArgs>
</Action>
<DIter rID="T9" iterID="1" >
<Action rID="T10">
<AName><![CDATA[Action]]></AName>
<Step rID="T11">
<Obj plainTxt="False" ><![CDATA[Service: Set Sockets Option]]></Obj>
<Details plainTxt="False" ><![CDATA[<CENTER>Set socket option <STRONG><FONT COLOR=#00AF00>SSL_VERSION</FONT></STRONG> with value <STRONG><FONT COLOR=#00AF00>AUTO</FONT></STRONG></CENTER>]]></Details>
<Time><![CDATA[7/31/2024 - 11:53:35]]></Time>
<TimeTick>1722426815</TimeTick>
<NodeArgs eType="General" icon="4" nRep="15" >
<Disp><![CDATA[Service: Set Sockets Option]]></Disp>
</NodeArgs>
</Step>
<Step rID="T12">
<Obj plainTxt="False" ><![CDATA[Service: Add Auto Header]]></Obj>
<Details plainTxt="False" ><![CDATA[<CENTER>Add the following header to all subsequent HTTP requests :<BR><STRONG><FONT COLOR=#00AF00>Accept-Language: en-US,en;q=0.5</FONT></STRONG></CENTER>]]></Details>
<Time><![CDATA[7/31/2024 - 11:53:35]]></Time>
<TimeTick>1722426815</TimeTick>
<NodeArgs eType="General" icon="9" nRep="16" >
<Disp><![CDATA[Service: Add Auto Header]]></Disp>
</NodeArgs>
</Step>
<Step rID="T13">
<Obj plainTxt="False" ><![CDATA[Url: remote-settings.content-signature.mozilla.org-2024-08-29-13-50-59.chain]]></Obj>
<Details plainTxt="False" ><![CDATA[<CENTER><STRONG><FONT COLOR=#009A63>Resource loaded successfully</FONT></STRONG></CENTER>]]></Details>
<Time><![CDATA[7/31/2024 - 11:53:35]]></Time>
<TimeTick>1722426815</TimeTick>
<NodeArgs eType="General" icon="3" nRep="17" status="Passed" >
<Disp><![CDATA[Url: remote-settings.content-signature.mozilla.org-2024-08-29-13-50-59.chain]]></Disp>
</NodeArgs>
</Step>
<Step rID="T14">
<Obj plainTxt="False" ><![CDATA[Submit Data: staff_profile.php_2]]></Obj>
<Details plainTxt="False" ><![CDATA[<CENTER><STRONG><FONT COLOR=#009A63>Step completed successfully</FONT></STRONG></CENTER>]]></Details>
<Time><![CDATA[7/31/2024 - 11:53:35]]></Time>
<TimeTick>1722426815</TimeTick>
<NodeArgs eType="General" icon="7" nRep="18" status="Passed" >
<Disp><![CDATA[Submit Data: staff_profile.php_2]]></Disp>
<BtmPane vType="HTMLSNSH" >
<Path><![CDATA[\Iteration1\t5.inf]]></Path>
</BtmPane>
</NodeArgs>
</Step>
<Step rID="T15">
<Obj plainTxt="False" ><![CDATA[Service: Reg Save Param]]></Obj>
<Details plainTxt="False" ><![CDATA[<CENTER>ParamName =<STRONG><FONT COLOR=#00AF00>C_Details</FONT></STRONG><BR>Left Boundary = <STRONG><FONT COLOR=#00AF00>LB=<td></FONT></STRONG><BR>Right Boundary = <STRONG><FONT COLOR=#00AF00>RB=</td</FONT></STRONG><BR>Instance = <STRONG><FONT COLOR=#00AF00>ORD=ALL</FONT></STRONG></CENTER>]]></Details>
<Time><![CDATA[7/31/2024 - 11:53:35]]></Time>
<TimeTick>1722426815</TimeTick>
<NodeArgs eType="General" icon="6" nRep="19" >
<Disp><![CDATA[Service: Reg Save Param]]></Disp>
</NodeArgs>
</Step>
<Step rID="T16">
<Obj plainTxt="False" ><![CDATA[Submit Data: pending_customers.php]]></Obj>
<Details plainTxt="False" ><![CDATA[<CENTER><STRONG><FONT COLOR=#009A63>Step completed successfully</FONT></STRONG></CENTER>]]></Details>
<Time><![CDATA[7/31/2024 - 11:53:35]]></Time>
<TimeTick>1722426815</TimeTick>
<NodeArgs eType="General" icon="7" nRep="20" status="Passed" >
<Disp><![CDATA[Submit Data: pending_customers.php]]></Disp>
<BtmPane vType="HTMLSNSH" >
<Path><![CDATA[\Iteration1\t6.inf]]></Path>
</BtmPane>
</NodeArgs>
</Step>
<Step rID="T17">
<Obj plainTxt="False" ><![CDATA[Service: Reg Save Param]]></Obj>
<Details plainTxt="False" ><![CDATA[<CENTER>ParamName =<STRONG><FONT COLOR=#00AF00>C_AccountNumber</FONT></STRONG><BR>Left Boundary = <STRONG><FONT COLOR=#00AF00>LB=Account no :</FONT></STRONG><BR>Right Boundary = <STRONG><FONT COLOR=#00AF00>RB=\</FONT></STRONG><BR>Instance = <STRONG><FONT COLOR=#00AF00></FONT></STRONG></CENTER>]]></Details>
<Time><![CDATA[7/31/2024 - 11:53:35]]></Time>
<TimeTick>1722426815</TimeTick>
<NodeArgs eType="General" icon="6" nRep="21" >
<Disp><![CDATA[Service: Reg Save Param]]></Disp>
</NodeArgs>
</Step>
<Step rID="T18">
<Obj plainTxt="False" ><![CDATA[Submit Data: pending_customers.php_2]]></Obj>
<Details plainTxt="False" ><![CDATA[<CENTER><STRONG><FONT COLOR=#009A63>Step completed successfully</FONT></STRONG></CENTER>]]></Details>
<Time><![CDATA[7/31/2024 - 11:53:35]]></Time>
<TimeTick>1722426815</TimeTick>
<NodeArgs eType="General" icon="7" nRep="22" status="Passed" >
<Disp><![CDATA[Submit Data: pending_customers.php_2]]></Disp>
<BtmPane vType="HTMLSNSH" >
<Path><![CDATA[\Iteration1\t7.inf]]></Path>
</BtmPane>
</NodeArgs>
</Step>
<Summary sTime="7/31/2024 - 11:53:35" eTime="7/31/2024 - 11:53:35" passed="4" failed="0" warnings="0" ></Summary>
<NodeArgs eType="StartAction" icon="2" nRep="14" status="Passed" >
<Disp><![CDATA[Action Summary]]></Disp>
</NodeArgs>
</Action>
<NodeArgs eType="StartIteration" icon="8" nRep="13" status="Passed" >
<Disp><![CDATA[Final_assessment2 Iteration 1 (Row 1)]]></Disp>
</NodeArgs>
</DIter>
<Action rID="T19">
<AName><![CDATA[vuser_end]]></AName>
<Step rID="T20">
<Obj plainTxt="False" ><![CDATA[Url: staff_logout.php]]></Obj>
<Details plainTxt="False" ><![CDATA[<CENTER><STRONG><FONT COLOR=#009A63>Step completed successfully</FONT></STRONG></CENTER>]]></Details>
<Time><![CDATA[7/31/2024 - 11:53:35]]></Time>
<TimeTick>1722426815</TimeTick>
<NodeArgs eType="General" icon="3" nRep="26" status="Passed" >
<Disp><![CDATA[Url: staff_logout.php]]></Disp>
<BtmPane vType="HTMLSNSH" >
<Path><![CDATA[\Iteration1\t8.inf]]></Path>
</BtmPane>
</NodeArgs>
</Step>
<Summary sTime="7/31/2024 - 11:53:35" eTime="7/31/2024 - 11:53:35" passed="1" failed="0" warnings="0" ></Summary>
<NodeArgs eType="StartAction" icon="2" nRep="25" status="Passed" >
<Disp><![CDATA[vuser_end Summary]]></Disp>
</NodeArgs>
</Action>
<Summary sTime="7/31/2024 - 11:53:35" eTime="7/31/2024 - 11:53:35" passed="9" failed="0" warnings="0" ></Summary>
<NodeArgs eType="StartTest" icon="1" nRep="4" status="Passed" >
<Disp><![CDATA[Test Final_assessment2 Summary]]></Disp>
</NodeArgs>
</Doc>
</Report>