[
    {
        "actionName": "Action",
        "steps": [
            {
                "stepId": "STEP46",
                "stepName": "Url: banking",
                "infFile": "t1.inf",
                "time": 1722426445632
            },
            {
                "stepId": "STEP47",
                "stepName": "Url: Open Account",
                "infFile": "t2.inf",
                "time": 1722426445731
            },
            {
                "stepId": "STEP48",
                "stepName": "Submit Data: customer_reg_form.php",
                "infFile": "t3.inf",
                "time": 1722426445826
            },
            {
                "stepId": "STEP49",
                "stepName": "Submit Data: cust_regfrm_confirm.php",
                "infFile": "t4.inf",
                "time": 1722426445935
            },
            {
                "stepId": "STEP50",
                "stepName": "Url: Home",
                "infFile": "t5.inf",
                "time": 1722426446009
            }
        ],
        "transactions": [
            {
                "transactionName": "SC01_Banking_T01_Launch_URL",
                "rawStartTime": 1722426445552,
                "rawEndTime": 1722426445637,
                "thinkTime": 0.0,
                "wastedTime": 0.05502939224243164
            },
            {
                "transactionName": "SC01_Banking_T02_Click_Open_Account",
                "rawStartTime": 1722426445641,
                "rawEndTime": 1722426445734,
                "thinkTime": 0.0,
                "wastedTime": 0.06596755981445313
            },
            {
                "transactionName": "SC01_Banking_T03_Click_Submit",
                "rawStartTime": 1722426445737,
                "rawEndTime": 1722426445828,
                "thinkTime": 0.0,
                "wastedTime": 0.05998802185058594
            },
            {
                "transactionName": "SC01_Banking_T04_Click_confirm",
                "rawStartTime": 1722426445832,
                "rawEndTime": 1722426445937,
                "thinkTime": 0.0,
                "wastedTime": 0.07101726531982422
            },
            {
                "transactionName": "SC01_Banking_T05_Click_OK",
                "rawStartTime": 1722426445941,
                "rawEndTime": 1722426446011,
                "thinkTime": 0.0,
                "wastedTime": 0.050203561782836917
            }
        ]
    }
]