<?xml version="1.0" encoding="utf-8"?>
<VugenScriptMetadata>
  <ScriptName>Final_assessment2</ScriptName>
  <Protocol>Web - HTTP/HTML</Protocol>
  <ActionFiles>
    <FileEntry Name="vuser_init.c" Filter="2" />
    <FileEntry Name="Action.c" Filter="2" />
    <FileEntry Name="vuser_end.c" Filter="2" />
  </ActionFiles>
  <GeneralFiles>
    <FileEntry Name="Final_assessment2.usr" Filter="4" />
    <FileEntry Name="default.cfg" Filter="4" />
    <FileEntry Name="default.usp" Filter="4" />
    <FileEntry Name="Final_assessment2.prm" Filter="2" />
    <FileEntry Name="globals.h" Filter="2" />
    <FileEntry Name="WebSocketBuffer.h" Filter="2" />
    <FileEntry Name="P_Application_No.dat" Filter="2" />
    <FileEntry Name="combined_Final_assessment2.c" Filter="2" />
    <FileEntry Name="pre_cci.c" Filter="2" />
    <FileEntry Name="143541272440.idx" Filter="1" />
    <FileEntry Name="14354127244_00H.11.idx" Filter="1" />
    <FileEntry Name="14354127244_0nw.599.idx" Filter="1" />
    <FileEntry Name="14354127244_0pj.167.idx" Filter="1" />
    <FileEntry Name="14354127244_3wl.103.idx" Filter="1" />
    <FileEntry Name="14354127244_6dd.219.idx" Filter="1" />
    <FileEntry Name="14354127244_6go.269.idx" Filter="1" />
    <FileEntry Name="14354127244_9SI.773.idx" Filter="1" />
    <FileEntry Name="14354127244_9Y3.365.idx" Filter="1" />
    <FileEntry Name="14354127244_BSz.883.idx" Filter="1" />
    <FileEntry Name="14354127244_CGe.841.idx" Filter="1" />
    <FileEntry Name="14354127244_Cla.533.idx" Filter="1" />
    <FileEntry Name="14354127244_co0.75.idx" Filter="1" />
    <FileEntry Name="14354127244_Dhf.607.idx" Filter="1" />
    <FileEntry Name="14354127244_Ee3.785.idx" Filter="1" />
    <FileEntry Name="14354127244_Ehe.117.idx" Filter="1" />
    <FileEntry Name="14354127244_fEc.169.idx" Filter="1" />
    <FileEntry Name="14354127244_FFX.349.idx" Filter="1" />
    <FileEntry Name="14354127244_fNh.339.idx" Filter="1" />
    <FileEntry Name="14354127244_FPJ.39.idx" Filter="1" />
    <FileEntry Name="14354127244_fZS.781.idx" Filter="1" />
    <FileEntry Name="14354127244_GLy.667.idx" Filter="1" />
    <FileEntry Name="14354127244_Hh6.95.idx" Filter="1" />
    <FileEntry Name="14354127244_IQl.857.idx" Filter="1" />
    <FileEntry Name="14354127244_iWM.503.idx" Filter="1" />
    <FileEntry Name="14354127244_jao.861.idx" Filter="1" />
    <FileEntry Name="14354127244_kHa.43.idx" Filter="1" />
    <FileEntry Name="14354127244_lfl.337.idx" Filter="1" />
    <FileEntry Name="14354127244_NjN.199.idx" Filter="1" />
    <FileEntry Name="14354127244_oc4.61.idx" Filter="1" />
    <FileEntry Name="14354127244_OkC.373.idx" Filter="1" />
    <FileEntry Name="14354127244_p35.293.idx" Filter="1" />
    <FileEntry Name="14354127244_q9u.337.idx" Filter="1" />
    <FileEntry Name="14354127244_qcf.143.idx" Filter="1" />
    <FileEntry Name="14354127244_qdS.527.idx" Filter="1" />
    <FileEntry Name="14354127244_RAf.823.idx" Filter="1" />
    <FileEntry Name="14354127244_sL7.81.idx" Filter="1" />
    <FileEntry Name="14354127244_SSr.975.idx" Filter="1" />
    <FileEntry Name="14354127244_TeI.397.idx" Filter="1" />
    <FileEntry Name="14354127244_tGu.647.idx" Filter="1" />
    <FileEntry Name="14354127244_TrU.823.idx" Filter="1" />
    <FileEntry Name="14354127244_UQL.345.idx" Filter="1" />
    <FileEntry Name="14354127244_uQX.405.idx" Filter="1" />
    <FileEntry Name="14354127244_uSz.163.idx" Filter="1" />
    <FileEntry Name="14354127244_VqA.377.idx" Filter="1" />
    <FileEntry Name="14354127244_VUz.213.idx" Filter="1" />
    <FileEntry Name="14354127244_yNm.603.idx" Filter="1" />
    <FileEntry Name="14354127244_yq9.293.idx" Filter="1" />
    <FileEntry Name="14354127244_zax.361.idx" Filter="1" />
    <FileEntry Name="Bookmarks.xml" Filter="1" />
    <FileEntry Name="Breakpoints.xml" Filter="1" />
    <FileEntry Name="CompilerLogMetadata.xml" Filter="1" />
    <FileEntry Name="Final_assessment2.c.pickle" Filter="1" />
    <FileEntry Name="Final_assessment2.ci" Filter="1" />
    <FileEntry Name="Final_assessment2.prm.bak" Filter="1" />
    <FileEntry Name="logfile.log" Filter="1" />
    <FileEntry Name="mdrv.log" Filter="1" />
    <FileEntry Name="mdrv_cmd.txt" Filter="1" />
    <FileEntry Name="options.txt" Filter="1" />
    <FileEntry Name="output.bak" Filter="1" />
    <FileEntry Name="output.txt" Filter="1" />
    <FileEntry Name="OutputColoringDatabase.json" Filter="1" />
    <FileEntry Name="ReplaySummaryReport.xml" Filter="1" />
    <FileEntry Name="ScriptUploadMetadata.xml" Filter="1" />
    <FileEntry Name="ThumbnailsCache.tmp" Filter="1" />
    <FileEntry Name="UserTasks.xml" Filter="1" />
    <FileEntry Name="data\" Filter="1" />
    <FileEntry Name="result1\" Filter="1" />
  </GeneralFiles>
</VugenScriptMetadata>