[
    {
        "actionName": "Action",
        "steps": [
            {
                "stepId": "STEP1",
                "stepName": "Url: banking",
                "infFile": "t1.inf",
                "time": 1722426442610
            },
            {
                "stepId": "STEP2",
                "stepName": "Url: Open Account",
                "infFile": "t2.inf",
                "time": 1722426442727
            },
            {
                "stepId": "STEP3",
                "stepName": "Submit Data: customer_reg_form.php",
                "infFile": "t3.inf",
                "time": 1722426442831
            },
            {
                "stepId": "STEP4",
                "stepName": "Submit Data: cust_regfrm_confirm.php",
                "infFile": "t4.inf",
                "time": 1722426442945
            },
            {
                "stepId": "STEP5",
                "stepName": "Url: Home",
                "infFile": "t5.inf",
                "time": 1722426443012
            }
        ],
        "transactions": [
            {
                "transactionName": "SC01_Banking_T01_Launch_URL",
                "rawStartTime": 1722426442418,
                "rawEndTime": 1722426442639,
                "thinkTime": 0.0,
                "wastedTime": 0.13086676597595216
            },
            {
                "transactionName": "SC01_Banking_T02_Click_Open_Account",
                "rawStartTime": 1722426442661,
                "rawEndTime": 1722426442735,
                "thinkTime": 0.0,
                "wastedTime": 0.006409406661987305
            },
            {
                "transactionName": "SC01_Banking_T03_Click_Submit",
                "rawStartTime": 1722426442751,
                "rawEndTime": 1722426442846,
                "thinkTime": 0.0,
                "wastedTime": 0.009278535842895508
            },
            {
                "transactionName": "SC01_Banking_T04_Click_confirm",
                "rawStartTime": 1722426442862,
                "rawEndTime": 1722426442956,
                "thinkTime": 0.0,
                "wastedTime": 0.008492469787597657
            },
            {
                "transactionName": "SC01_Banking_T05_Click_OK",
                "rawStartTime": 1722426442989,
                "rawEndTime": 1722426443013,
                "thinkTime": 0.0,
                "wastedTime": 0.005965471267700195
            }
        ]
    }
]