[
    {
        "actionName": "Action",
        "steps": [
            {
                "stepId": "STEP26",
                "stepName": "Url: banking",
                "infFile": "t1.inf",
                "time": 1722426444135
            },
            {
                "stepId": "STEP27",
                "stepName": "Url: Open Account",
                "infFile": "t2.inf",
                "time": 1722426444193
            },
            {
                "stepId": "STEP28",
                "stepName": "Submit Data: customer_reg_form.php",
                "infFile": "t3.inf",
                "time": 1722426444242
            },
            {
                "stepId": "STEP29",
                "stepName": "Submit Data: cust_regfrm_confirm.php",
                "infFile": "t4.inf",
                "time": 1722426444311
            },
            {
                "stepId": "STEP30",
                "stepName": "Url: Home",
                "infFile": "t5.inf",
                "time": 1722426444360
            }
        ],
        "transactions": [
            {
                "transactionName": "SC01_Banking_T01_Launch_URL",
                "rawStartTime": 1722426444079,
                "rawEndTime": 1722426444140,
                "thinkTime": 0.0,
                "wastedTime": 0.032347679138183597
            },
            {
                "transactionName": "SC01_Banking_T02_Click_Open_Account",
                "rawStartTime": 1722426444144,
                "rawEndTime": 1722426444195,
                "thinkTime": 0.0,
                "wastedTime": 0.02774357795715332
            },
            {
                "transactionName": "SC01_Banking_T03_Click_Submit",
                "rawStartTime": 1722426444197,
                "rawEndTime": 1722426444244,
                "thinkTime": 0.0,
                "wastedTime": 0.025629281997680665
            },
            {
                "transactionName": "SC01_Banking_T04_Click_confirm",
                "rawStartTime": 1722426444248,
                "rawEndTime": 1722426444313,
                "thinkTime": 0.0,
                "wastedTime": 0.029735088348388673
            },
            {
                "transactionName": "SC01_Banking_T05_Click_OK",
                "rawStartTime": 1722426444317,
                "rawEndTime": 1722426444362,
                "thinkTime": 0.0,
                "wastedTime": 0.03164482116699219
            }
        ]
    }
]